<?xml version="1.0" encoding="utf-8"?>
<clockskin>
	<drawable>
		<name>weather_array.xml</name>
		<arraytype>10</arraytype>
		<centerX>2</centerX>
	</drawable>
	<drawable>
		<name>base_2.png</name>
	</drawable>
	<drawable>
		<name>HM.xml</name>
		<arraytype>6</arraytype>
	</drawable>
	<drawable>
		<name>M.xml</name>
		<arraytype>3</arraytype>
		<centerX>101</centerX>
		<centerY>-95</centerY>
	</drawable>
	<drawable>
		<name>WD.xml</name>
		<arraytype>5</arraytype>
		<centerX>-102</centerX>
		<centerY>-94</centerY>
	</drawable>
	<drawable>
		<name>D.xml</name>
		<arraytype>4</arraytype>
		<centerX>2</centerX>
		<centerY>-92</centerY>
	</drawable>
	<drawable>
		<name>AT.xml</name>
		<arraytype>11</arraytype>
		<centerX>8</centerX>
		<centerY>163</centerY>
	</drawable>
	<drawable>
		<name>S.xml</name>
		<arraytype>12</arraytype>
		<centerX>105</centerX>
		<centerY>108</centerY>
	</drawable>
	<drawable>
		<name>STEPS.png</name>
		<centerX>112</centerX>
		<centerY>76</centerY>
	</drawable>
	<drawable>
		<name>HR.xml</name>
		<arraytype>13</arraytype>
		<centerX>-87</centerX>
		<centerY>94</centerY>
	</drawable>
	<drawable>
		<name>hr IMAGE_2.png</name>
		<centerX>-36</centerX>
		<centerY>26</centerY>
	</drawable>
	<drawable>
		<name>SH_2.png</name>
		<rotate>3</rotate>
	</drawable>
	<drawable>
		<name>BL.xml</name>
		<arraytype>14</arraytype>
		<centerX>-14</centerX>
		<centerY>-161</centerY>
	</drawable>
	<drawable>
		<arraytype>99</arraytype>
		<centerX>-108</centerX>
		<centerY>148</centerY>
	</drawable>
<!--COMMENTED BY ClockSkinMaker
<metadata gui='rra' version='2.0.0.2'/>
-->
</clockskin>