<?xml version="1.0" encoding="utf-8"?>
<clockskin>
	<drawable>
		<name>Hatch.png</name>
	</drawable>
	<drawable>
		<name>Base.png</name>
	</drawable>
	<drawable>
		<name>Ring.png</name>
	</drawable>
	<drawable>
		<name>Batt level 0 100.png</name>
		<rotate>6</rotate>
		<centerX>92</centerX>
		<centerY>-25</centerY>
	</drawable>
	<drawable>
		<name>WD Batt Manth base.png</name>
	</drawable>
	<drawable>
		<name>WD Batt Month text.png</name>
	</drawable>
	<drawable>
		<name>WD Arrow.png</name>
		<rotate>5</rotate>
		<centerX>-92</centerX>
		<centerY>-25</centerY>
	</drawable>
	<drawable>
		<name>Month Arrow.png</name>
		<rotate>4</rotate>
		<centerY>96</centerY>
	</drawable>
	<drawable>
		<name>12 and Day base.png</name>
	</drawable>
	<drawable>
		<name>Batt Arrow.png</name>
		<rotate>6</rotate>
		<centerX>92</centerX>
		<centerY>-25</centerY>
		<direction>2</direction>
		<mulrotate>2</mulrotate>
	</drawable>
	<drawable>
		<name>Day.xml</name>
		<arraytype>4</arraytype>
		<centerX>1</centerX>
		<centerY>-92</centerY>
	</drawable>
	<drawable>
		<name>Text.png</name>
	</drawable>
	<drawable>
		<name>SH.png</name>
		<rotate>3</rotate>
	</drawable>
	<drawable>
		<name>HH_blue.png</name>
		<rotate>1</rotate>
	</drawable>
	<drawable>
		<name>MH_blue.png</name>
		<rotate>2</rotate>
	</drawable>
<!--COMMENTED BY ClockSkinMaker
<metadata gui='rra' version='2.0.0.2'/>
-->
</clockskin>