<?xml version="1.0" encoding="utf-8"?>
<clockskin>
	<drawable>
		<name>Back.png</name>
	</drawable>
	<drawable>
		<name>Batt Rotate_180.png</name>
		<rotate>6</rotate>
		<centerX>77</centerX>
	</drawable>
	<drawable>
		<name>Batt and WD bases.png</name>
	</drawable>
	<drawable>
		<name>Base_3.png</name>
	</drawable>
	<drawable>
		<name>Day Month Bases_2.png</name>
	</drawable>
	<drawable>
		<name>Month and day frames.png</name>
	</drawable>
	<drawable>
		<name>Figures.png</name>
	</drawable>
	<drawable>
		<name>WD Rotate.png</name>
		<rotate>5</rotate>
		<centerX>-79</centerX>
	</drawable>
	<drawable>
		<name>Batt Rotate.png</name>
		<rotate>6</rotate>
		<centerX>77</centerX>
		<direction>2</direction>
		<mulrotate>2</mulrotate>
	</drawable>
	<drawable>
		<name>2.png</name>
	</drawable>
	<drawable>
		<name>Minutes marks.png</name>
	</drawable>
	<drawable>
		<name>day.xml</name>
		<arraytype>4</arraytype>
		<centerY>95</centerY>
	</drawable>
	<drawable>
		<name>M.xml</name>
		<arraytype>3</arraytype>
	</drawable>
	<drawable>
		<name>HH_2.png</name>
		<rotate>1</rotate>
	</drawable>
	<drawable>
		<name>MH_2.png</name>
		<rotate>2</rotate>
	</drawable>
	<drawable>
		<name>SH.png</name>
		<rotate>3</rotate>
	</drawable>
<!--COMMENTED BY ClockSkinMaker
<metadata gui='rra' version='2.0.0.2'/>
-->
</clockskin>