<?xml version="1.0" encoding="utf-8"?>
<clockskin>
	<drawable>
		<name>Base_2.png</name>
	</drawable>
	<drawable>
		<name>WD Base.png</name>
	</drawable>
	<drawable>
		<name>WD.xml</name>
		<arraytype>5</arraytype>
	</drawable>
	<drawable>
		<name>Batt base.png</name>
	</drawable>
	<drawable>
		<name>Arrow battery.png</name>
		<rotate>6</rotate>
		<centerX>48</centerX>
		<direction>2</direction>
	</drawable>
	<drawable>
		<name>WD and Batt and Month and Day Frames.png</name>
	</drawable>
	<drawable>
		<name>Month and Day Frames.png</name>
	</drawable>
	<drawable>
		<name>Circul.png</name>
	</drawable>
	<drawable>
		<name>M.xml</name>
		<arraytype>3</arraytype>
	</drawable>
	<drawable>
		<name>D.xml</name>
		<arraytype>4</arraytype>
		<centerY>97</centerY>
	</drawable>
	<drawable>
		<name>HH_2.png</name>
		<rotate>1</rotate>
	</drawable>
	<drawable>
		<name>MH_2.png</name>
		<rotate>2</rotate>
	</drawable>
	<drawable>
		<name>SH.png</name>
		<rotate>3</rotate>
	</drawable>
<!--COMMENTED BY ClockSkinMaker
<metadata gui='rra' version='2.0.0.2'/>
-->
</clockskin>