<?xml version="1.0" encoding="utf-8"?>
<clockskin>
	<drawable>
		<name>Back.png</name>
	</drawable>
	<drawable>
		<name>Base_2.png</name>
	</drawable>
	<drawable>
		<name>Figures.png</name>
	</drawable>
	<drawable>
		<name>Minutes_LIGHT.png</name>
	</drawable>
	<drawable>
		<name>WD and Battery level frames.png</name>
		<centerY>1</centerY>
	</drawable>
	<drawable>
		<name>BATT AND WD BASES.png</name>
		<centerY>3</centerY>
	</drawable>
	<drawable>
		<name>BATT ROTATE.png</name>
		<rotate>6</rotate>
		<centerX>-35</centerX>
		<centerY>-31</centerY>
		<mulrotate>-2</mulrotate>
	</drawable>
	<drawable>
		<name>MONTH BASE.png</name>
	</drawable>
	<drawable>
		<name>DAY FRAME.png</name>
	</drawable>
	<drawable>
		<name>DAY.xml</name>
		<arraytype>4</arraytype>
		<centerY>55</centerY>
	</drawable>
	<drawable>
		<name>WD.xml</name>
		<arraytype>5</arraytype>
		<centerY>3</centerY>
	</drawable>
	<drawable>
		<name>MONTH.xml</name>
		<arraytype>3</arraytype>
	</drawable>
	<drawable>
		<name>HH_4.png</name>
		<rotate>1</rotate>
	</drawable>
	<drawable>
		<name>MH_4.png</name>
		<rotate>2</rotate>
	</drawable>
	<drawable>
		<name>SH.png</name>
		<rotate>3</rotate>
	</drawable>
<!--COMMENTED BY ClockSkinMaker
<metadata gui='rra' version='2.0.0.2'/>
-->
</clockskin>