<?xml version="1.0" encoding="utf-8"?>
<clockskin>
	<drawable>
		<name>clock.png</name>
	</drawable>
	<drawable>
		<name>day.xml</name>
		<arraytype>4</arraytype>
		<centerX>81</centerX>
		<centerY>81</centerY>
	</drawable>
	<drawable>
		<name>hour.png</name>
		<rotate>1</rotate>
	</drawable>
	<drawable>
		<name>minute.png</name>
		<rotate>2</rotate>
	</drawable>
	<drawable>
		<name>seconds.png</name>
		<rotate>3</rotate>
	</drawable>
<!--COMMENTED BY ClockSkinMaker
<metadata gui='rra' version='1.4.0.0'/>
-->
</clockskin>