<?xml version="1.0" encoding="utf-8"?>
<clockskin>
	<drawable>
		<name>Big black circle pos 1.png</name>
	</drawable>
	<drawable>
		<name>Rotate circle pos 2_3.png</name>
		<rotate>3</rotate>
	</drawable>
	<drawable>
		<name>Rotate second hend pos 5.png</name>
		<rotate>3</rotate>
	</drawable>
	<drawable>
		<name>Second image pos 3.png</name>
	</drawable>
	<drawable>
		<name>Hours pos 4.png</name>
	</drawable>
	<drawable>
		<name>hours image.png</name>
	</drawable>
	<drawable>
		<name>Mask_3.png</name>
	</drawable>
	<drawable>
		<name>Mask_2.png</name>
	</drawable>
	<drawable>
		<name>Hatch_3.png</name>
	</drawable>
	<drawable>
		<name>Frame.png</name>
	</drawable>
	<drawable>
		<name>wd.xml</name>
		<arraytype>5</arraytype>
	</drawable>
	<drawable>
		<name>M.xml</name>
		<arraytype>3</arraytype>
	</drawable>
	<drawable>
		<name>D.xml</name>
		<arraytype>4</arraytype>
		<centerX>85</centerX>
	</drawable>
	<drawable>
		<name>batt.xml</name>
		<arraytype>14</arraytype>
		<centerX>-84</centerX>
	</drawable>
	<drawable>
		<name>Frame_2.png</name>
	</drawable>
	<drawable>
		<name>BATT DAY TEXT_2.png</name>
		<centerY>-2</centerY>
	</drawable>
	<drawable>
		<name>HH_2.png</name>
		<rotate>1</rotate>
	</drawable>
	<drawable>
		<name>MH_2.png</name>
		<rotate>2</rotate>
	</drawable>
	<drawable>
		<name>SH.png</name>
		<rotate>3</rotate>
	</drawable>
	<drawable>
		<name>Frame_3.png</name>
	</drawable>
<!--COMMENTED BY ClockSkinMaker
<metadata gui='rra' version='2.0.0.2'/>
-->
</clockskin>