<?xml version="1.0" encoding="utf-8"?>
<clockskin>
	<drawable>
		<name>Base.png</name>
	</drawable>
	<drawable>
		<name>Marks.png</name>
	</drawable>
	<drawable>
		<name>Figures_2.png</name>
	</drawable>
	<drawable>
		<name>BATT ROTATE_2.png</name>
		<rotate>6</rotate>
		<centerY>93</centerY>
		<direction>1</direction>
	</drawable>
	<drawable>
		<name>DAY MONTH BATT WD FRAMES.png</name>
	</drawable>
	<drawable>
		<name>HATCH.png</name>
	</drawable>
	<drawable>
		<name>BATT LEVEL TEXT.png</name>
	</drawable>
	<drawable>
		<name>BATT LEVEL TEXT_2.png</name>
	</drawable>
	<drawable>
		<name>BATT ROTATE.png</name>
		<rotate>6</rotate>
		<centerY>93</centerY>
		<direction>2</direction>
		<mulrotate>2</mulrotate>
	</drawable>
	<drawable>
		<name>day.xml</name>
		<arraytype>4</arraytype>
		<centerY>-70</centerY>
	</drawable>
	<drawable>
		<name>wd.xml</name>
		<arraytype>5</arraytype>
	</drawable>
	<drawable>
		<name>ma.xml</name>
		<arraytype>3</arraytype>
	</drawable>
	<drawable>
		<name>HH_4.png</name>
		<rotate>1</rotate>
	</drawable>
	<drawable>
		<name>MH_4.png</name>
		<rotate>2</rotate>
	</drawable>
	<drawable>
		<name>SH_2.png</name>
		<rotate>3</rotate>
	</drawable>
	<drawable>
		<name>MINUTES MARKS.png</name>
	</drawable>
	<drawable>
		<name>h mARKS.png</name>
	</drawable>
	<drawable>
		<arraytype>99</arraytype>
		<centerX>-124</centerX>
		<centerY>39</centerY>
	</drawable>
<!--COMMENTED BY ClockSkinMaker
<metadata gui='rra' version='2.0.0.2'/>
-->
</clockskin>