<clockskin>
    <drawable>
        <name>image1.png</name>
    </drawable>
    <drawable>
        <rotate>3</rotate>
        <mulrotate>180</mulrotate>
        <centerX>1</centerX>
        <centerY>99</centerY>
        <name>image2.png</name>
    </drawable>
    <drawable>
        <name>image3.png</name>
    </drawable>
    <drawable>
        <name>digital1.xml</name>
        <arraytype>4</arraytype>
        <centerX>2</centerX>
        <centerY>-58</centerY>
    </drawable>
    <drawable>
        <name>image4.png</name>
    </drawable>
    <drawable>
        <rotate>5</rotate>
        <mulrotate>1</mulrotate>
        <centerX>-91</centerX>
        <centerY>3</centerY>
        <name>image5.png</name>
    </drawable>
    <drawable>
        <rotate>5</rotate>
        <mulrotate>1</mulrotate>
        <centerX>-94</centerX>
        <centerY>0</centerY>
        <name>image6.png</name>
    </drawable>
    <drawable>
        <name>image7.png</name>
    </drawable>
    <drawable>
        <rotate>6</rotate>
        <mulrotate>2</mulrotate>
        <centerX>99</centerX>
        <centerY>3</centerY>
        <name>image8.png</name>
    </drawable>
    <drawable>
        <rotate>6</rotate>
        <mulrotate>2</mulrotate>
        <centerX>96</centerX>
        <centerY>0</centerY>
        <name>image9.png</name>
    </drawable>
    <drawable>
        <name>image10.png</name>
    </drawable>
    <drawable>
        <rotate>1</rotate>
        <mulrotate>1</mulrotate>
        <centerX>4</centerX>
        <centerY>2</centerY>
        <name>image11.png</name>
    </drawable>
    <drawable>
        <rotate>2</rotate>
        <mulrotate>1</mulrotate>
        <centerX>6</centerX>
        <centerY>6</centerY>
        <name>image12.png</name>
    </drawable>
    <drawable>
        <rotate>1</rotate>
        <mulrotate>1</mulrotate>
        <name>image13.png</name>
    </drawable>
    <drawable>
        <rotate>3</rotate>
        <mulrotate>1</mulrotate>
        <centerX>7</centerX>
        <centerY>7</centerY>
        <name>image14.png</name>
    </drawable>
    <drawable>
        <rotate>2</rotate>
        <mulrotate>1</mulrotate>
        <name>image15.png</name>
    </drawable>
    <drawable>
        <name>image16.png</name>
    </drawable>
    <drawable>
        <rotate>3</rotate>
        <mulrotate>1</mulrotate>
        <name>image17.png</name>
    </drawable>
    <drawable>
        <name>image18.png</name>
    </drawable>
</clockskin>
