<?xml version="1.0" encoding="utf-8"?>
<clockskin>
	<drawable>
		<name>BASE.png</name>
	</drawable>
	<drawable>
		<name>HATCH_4.png</name>
	</drawable>
	<drawable>
		<name>Big ring.png</name>
	</drawable>
	<drawable>
		<name>Minutes.png</name>
	</drawable>
	<drawable>
		<name>FIGURES_3.png</name>
	</drawable>
	<drawable>
		<name>Frames.png</name>
	</drawable>
	<drawable>
		<name>WD.xml</name>
		<arraytype>5</arraytype>
	</drawable>
	<drawable>
		<name>M.xml</name>
		<arraytype>3</arraytype>
	</drawable>
	<drawable>
		<name>D.xml</name>
		<arraytype>4</arraytype>
		<centerX>85</centerX>
	</drawable>
	<drawable>
		<name>BATT.xml</name>
		<arraytype>14</arraytype>
		<centerX>-84</centerX>
	</drawable>
	<drawable>
		<name>TEXT.png</name>
	</drawable>
	<drawable>
		<name>HH_2.png</name>
		<rotate>1</rotate>
	</drawable>
	<drawable>
		<name>MH_2.png</name>
		<rotate>2</rotate>
	</drawable>
	<drawable>
		<name>SH.png</name>
		<rotate>3</rotate>
	</drawable>
	<drawable>
		<name>Minutes_red.png</name>
	</drawable>
<!--COMMENTED BY ClockSkinMaker
<metadata gui='rra' version='2.0.0.2'/>
-->
</clockskin>