<?xml version="1.0" encoding="utf-8"?>
<clockskin>
	<drawable>
		<name>Batt rotate.png</name>
		<rotate>6</rotate>
		<direction>2</direction>
	</drawable>
	<drawable>
		<name>Base.png</name>
	</drawable>
	<drawable>
		<name>HM.xml</name>
		<arraytype>6</arraytype>
		<centerX>-1</centerX>
		<centerY>-79</centerY>
	</drawable>
	<drawable>
		<arraytype>99</arraytype>
		<centerX>-26</centerX>
		<centerY>-142</centerY>
	</drawable>
	<drawable>
		<name>E F.png</name>
	</drawable>
	<drawable>
		<name>Month arrow.png</name>
		<rotate>4</rotate>
		<centerX>-69</centerX>
		<centerY>34</centerY>
	</drawable>
	<drawable>
		<name>WD arrow.png</name>
		<rotate>5</rotate>
		<centerX>69</centerX>
		<centerY>34</centerY>
	</drawable>
	<drawable>
		<name>DAY.xml</name>
		<arraytype>4</arraytype>
		<centerX>-1</centerX>
		<centerY>118</centerY>
	</drawable>
	<drawable>
		<arraytype>15</arraytype>
		<colorarray>FF6B24,5E5E5E</colorarray>
	</drawable>
<!--COMMENTED BY ClockSkinMaker
<metadata gui='rra' version='2.0.0.2'/>
-->
</clockskin>