<?xml version="1.0" encoding="utf-8"?>
<clockskin>
	<drawable>
		<name>clock_400.png</name>
	</drawable>
	<drawable>
		<name>hm.xml</name>
		<arraytype>6</arraytype>
		<centerX>3</centerX>
		<centerY>122</centerY>
	</drawable>
	<drawable>
		<name>weather_array.xml</name>
		<arraytype>10</arraytype>
		<centerX>14</centerX>
		<centerY>-124</centerY>
	</drawable>
	<drawable>
		<name>nbat.xml</name>
		<arraytype>14</arraytype>
		<centerX>-5</centerX>
		<centerY>179</centerY>
	</drawable>
	<drawable>
		<name>img2221.png</name>
		<centerX>30</centerX>
		<centerY>177</centerY>
	</drawable>
<!--COMMENTED BY ClockSkinMaker
<metadata gui='rra' version='1.4.0.0'/>
-->
</clockskin>