<?xml version="1.0" encoding="utf-8"?>
<clockskin>
	<drawable>
		<name>Marks_LIGHT.png</name>
	</drawable>
	<drawable>
		<name>Batt rotate.png</name>
		<rotate>6</rotate>
		<centerY>-2</centerY>
	</drawable>
	<drawable>
		<name>Base.png</name>
	</drawable>
	<drawable>
		<name>Marks_2.png</name>
	</drawable>
	<drawable>
		<name>Hatch_RED.png</name>
	</drawable>
	<drawable>
		<name>WD Base.png</name>
	</drawable>
	<drawable>
		<name>_WD.xml</name>
		<arraytype>5</arraytype>
	</drawable>
	<drawable>
		<name>Day.xml</name>
		<arraytype>4</arraytype>
		<centerY>-64</centerY>
	</drawable>
	<drawable>
		<name>E.png</name>
		<centerX>-100</centerX>
		<centerY>21</centerY>
	</drawable>
	<drawable>
		<name>F.png</name>
		<centerX>102</centerX>
		<centerY>21</centerY>
	</drawable>
	<drawable>
		<name>HH_4.png</name>
		<rotate>1</rotate>
	</drawable>
	<drawable>
		<name>MH_4.png</name>
		<rotate>2</rotate>
	</drawable>
	<drawable>
		<name>SH.png</name>
		<rotate>3</rotate>
	</drawable>
<!--COMMENTED BY ClockSkinMaker
<metadata gui='rra' version='2.0.0.2'/>
-->
</clockskin>