<?xml version="1.0" encoding="utf-8"?>
<clockskin>
	<drawable>
		<name>Rotate circle pos 2_3.png</name>
		<rotate>3</rotate>
	</drawable>
	<drawable>
		<name>Seconds mask.png</name>
	</drawable>
	<drawable>
		<name>Batt Rotate_180.png</name>
		<rotate>6</rotate>
		<centerX>94</centerX>
		<centerY>-2</centerY>
	</drawable>
	<drawable>
		<name>Base_4.png</name>
	</drawable>
	<drawable>
		<name>Hftch_2.png</name>
	</drawable>
	<drawable>
		<name>WD and Batt Base.png</name>
	</drawable>
	<drawable>
		<name>WD and Batt figures.png</name>
	</drawable>
	<drawable>
		<name>Hour marks.png</name>
	</drawable>
	<drawable>
		<name>WD Arrow.png</name>
		<rotate>5</rotate>
		<centerX>-94</centerX>
	</drawable>
	<drawable>
		<name>Batt arrow.png</name>
		<rotate>6</rotate>
		<centerX>95</centerX>
		<direction>2</direction>
		<mulrotate>2</mulrotate>
	</drawable>
	<drawable>
		<name>Month and Day Bases_2.png</name>
	</drawable>
	<drawable>
		<name>M.xml</name>
		<arraytype>3</arraytype>
	</drawable>
	<drawable>
		<name>D.xml</name>
		<arraytype>4</arraytype>
		<centerY>82</centerY>
	</drawable>
	<drawable>
		<name>12 6.png</name>
	</drawable>
	<drawable>
		<name>Contour_2.png</name>
	</drawable>
	<drawable>
		<name>HH_ORANG_2.png</name>
		<rotate>1</rotate>
	</drawable>
	<drawable>
		<name>MH_ORANG_2.png</name>
		<rotate>2</rotate>
	</drawable>
	<drawable>
		<name>SH.png</name>
		<rotate>3</rotate>
	</drawable>
	<drawable>
		<name>FRAME.png</name>
	</drawable>
<!--COMMENTED BY ClockSkinMaker
<metadata gui='rra' version='2.0.0.2'/>
-->
</clockskin>