<?xml version="1.0" encoding="utf-8"?>
<clockskin>
	<drawable>
		<name>BASE_2.png</name>
	</drawable>
	<drawable>
		<name>Hatch_2.png</name>
		<centerY>1</centerY>
	</drawable>
	<drawable>
		<name>FRAME.png</name>
	</drawable>
	<drawable>
		<name>FRAME_2.png</name>
	</drawable>
	<drawable>
		<name>WD AND BATT BASE.png</name>
	</drawable>
	<drawable>
		<name>BATT ROTATE.png</name>
		<rotate>6</rotate>
		<centerX>100</centerX>
	</drawable>
	<drawable>
		<name>WD ROTATE.png</name>
		<rotate>5</rotate>
		<centerX>-100</centerX>
	</drawable>
	<drawable>
		<name>Day.xml</name>
		<arraytype>4</arraytype>
		<centerX>102</centerX>
		<centerY>49</centerY>
	</drawable>
	<drawable>
		<name>Month base_2.png</name>
	</drawable>
	<drawable>
		<name>AM.xml</name>
		<arraytype>3</arraytype>
	</drawable>
	<drawable>
		<name>HH_blue.png</name>
		<rotate>1</rotate>
	</drawable>
	<drawable>
		<name>MH_blue.png</name>
		<rotate>2</rotate>
	</drawable>
	<drawable>
		<name>Center.png</name>
		<rotate>2</rotate>
	</drawable>
	<drawable>
		<name>SH.png</name>
		<rotate>3</rotate>
	</drawable>
	<drawable>
		<name>GREEN MARKS.png</name>
	</drawable>
<!--COMMENTED BY ClockSkinMaker
<metadata gui='rra' version='2.0.0.2'/>
-->
</clockskin>