<?xml version="1.0" encoding="utf-8"?>
<drawables>
	<image>Batt level_num_0.png</image>
	<image>Batt level_num_1.png</image>
	<image>Batt level_num_2.png</image>
	<image>Batt level_num_3.png</image>
	<image>Batt level_num_4.png</image>
	<image>Batt level_num_5.png</image>
	<image>Batt level_num_6.png</image>
	<image>Batt level_num_7.png</image>
	<image>Batt level_num_8.png</image>
	<image>Batt level_num_9.png</image>
	<image>Batt level_lead.png</image>
	<image>Batt level_percent.png</image>
<!--COMMENTED BY ClockSkinMaker
<metadata gui='rra' version='2.0.0.2' type='array_battery_level' forecolor='0000FF' autoscale='1' font='Times New Roman' fontstyle='Regular' fontsize='5,762251'>
<content>0</content>
<content>1</content>
<content>2</content>
<content>3</content>
<content>4</content>
<content>5</content>
<content>6</content>
<content>7</content>
<content>8</content>
<content>9</content>
<content></content>
<content>%</content>
</metadata>
-->
</drawables>