<?xml version="1.0" encoding="utf-8"?>
<clockskin>
	<drawable>
		<name>HATCH.png</name>
	</drawable>
	<drawable>
		<name>BASE_light.png</name>
	</drawable>
	<drawable>
		<name>WD AND MONTH FRAMES.png</name>
	</drawable>
	<drawable>
		<name>WD AND MONTH TEXT.png</name>
	</drawable>
	<drawable>
		<name>wd.xml</name>
		<arraytype>5</arraytype>
	</drawable>
	<drawable>
		<name>month.xml</name>
		<arraytype>3</arraytype>
	</drawable>
	<drawable>
		<name>Batt and day frames_light.png</name>
	</drawable>
	<drawable>
		<name>day.xml</name>
		<arraytype>4</arraytype>
		<centerX>100</centerX>
	</drawable>
	<drawable>
		<name>Batt level.xml</name>
		<arraytype>14</arraytype>
		<centerX>-101</centerX>
	</drawable>
	<drawable>
		<name>Dark frames.png</name>
	</drawable>
	<drawable>
		<name>HH.png</name>
		<rotate>1</rotate>
	</drawable>
	<drawable>
		<name>marks.png</name>
	</drawable>
	<drawable>
		<name>MH.png</name>
		<rotate>2</rotate>
	</drawable>
	<drawable>
		<name>MC.png</name>
	</drawable>
	<drawable>
		<name>SH.png</name>
		<rotate>3</rotate>
	</drawable>
<!--COMMENTED BY ClockSkinMaker
<metadata gui='rra' version='2.0.0.2'/>
-->
</clockskin>