<clockskin>
    <drawable>
        <name>image1.png</name>
    </drawable>
    <drawable>
        <name>digital1.xml</name>
        <arraytype>4</arraytype>
        <centerX>-171</centerX>
        <centerY>22</centerY>
    </drawable>
    <drawable>
        <name>digital1.xml</name>
        <arraytype>4</arraytype>
        <centerX>-140</centerX>
        <centerY>177</centerY>
    </drawable>
    <drawable>
        <name>digital2.xml</name>
        <arraytype>4</arraytype>
        <centerX>131</centerX>
        <centerY>189</centerY>
    </drawable>
    <drawable>
        <name>digital2.xml</name>
        <arraytype>4</arraytype>
        <centerX>168</centerX>
        <centerY>22</centerY>
    </drawable>
    <drawable>
        <rotate>3</rotate>
        <mulrotate>160</mulrotate>
        <centerX>1</centerX>
        <centerY>73</centerY>
        <name>image2.png</name>
    </drawable>
    <drawable>
        <name>image3.png</name>
    </drawable>
    <drawable>
        <rotate>6</rotate>
        <direction>2</direction>
        <mulrotate>2</mulrotate>
        <centerX>91</centerX>
        <centerY>58</centerY>
        <name>image4.png</name>
    </drawable>
    <drawable>
        <name>image5.png</name>
    </drawable>
    <drawable>
        <rotate>3</rotate>
        <mulrotate>2</mulrotate>
        <centerX>-83</centerX>
        <centerY>4</centerY>
        <name>image6.png</name>
    </drawable>
    <drawable>
        <name>image7.png</name>
    </drawable>
    <drawable>
        <rotate>3</rotate>
        <mulrotate>1</mulrotate>
        <centerX>92</centerX>
        <centerY>4</centerY>
        <name>image6.png</name>
    </drawable>
    <drawable>
        <rotate>3</rotate>
        <mulrotate>2</mulrotate>
        <centerX>-88</centerX>
        <centerY>0</centerY>
        <name>image9.png</name>
    </drawable>
    <drawable>
        <name>image10.png</name>
    </drawable>
    <drawable>
        <rotate>3</rotate>
        <mulrotate>1</mulrotate>
        <centerX>88</centerX>
        <centerY>0</centerY>
        <name>image9.png</name>
    </drawable>
    <drawable>
        <name>image12.png</name>
    </drawable>
    <drawable>
        <rotate>1</rotate>
        <mulrotate>1</mulrotate>
        <centerX>6</centerX>
        <centerY>6</centerY>
        <name>image13.png</name>
    </drawable>
    <drawable>
        <rotate>2</rotate>
        <mulrotate>1</mulrotate>
        <centerX>7</centerX>
        <centerY>7</centerY>
        <name>image14.png</name>
    </drawable>
    <drawable>
        <rotate>1</rotate>
        <mulrotate>1</mulrotate>
        <name>image15.png</name>
    </drawable>
    <drawable>
        <rotate>3</rotate>
        <mulrotate>1</mulrotate>
        <centerX>6</centerX>
        <centerY>6</centerY>
        <name>image16.png</name>
    </drawable>
    <drawable>
        <rotate>2</rotate>
        <mulrotate>1</mulrotate>
        <name>image17.png</name>
    </drawable>
    <drawable>
        <rotate>3</rotate>
        <mulrotate>1</mulrotate>
        <name>image18.png</name>
    </drawable>
    <drawable>
        <name>image19.png</name>
    </drawable>
</clockskin>
