<?xml version="1.0" encoding="utf-8"?>
<clockskin>
	<drawable>
		<name>bg1.png</name>
	</drawable>
	<drawable>
		<name>eng 2.png</name>
		<rotate>3</rotate>
		<centerX>-6</centerX>
		<centerY>54</centerY>
		<mulrotate>8</mulrotate>
	</drawable>
	<drawable>
		<name>eng 3.png</name>
		<rotate>3</rotate>
		<centerX>-111</centerX>
		<centerY>56</centerY>
		<mulrotate>12</mulrotate>
	</drawable>
	<drawable>
		<name>eng 5.png</name>
		<rotate>3</rotate>
		<centerX>-98</centerX>
		<centerY>127</centerY>
		<mulrotate>9</mulrotate>
	</drawable>
	<drawable>
		<name>eng 4.png</name>
		<rotate>3</rotate>
		<centerX>-27</centerX>
		<centerY>125</centerY>
		<mulrotate>5</mulrotate>
	</drawable>
	<drawable>
		<name>balança.png</name>
		<rotate>3</rotate>
		<centerX>-50</centerX>
		<centerY>88</centerY>
		<mulrotate>20</mulrotate>
	</drawable>
	<drawable>
		<name>sun moon.png</name>
		<rotate>7</rotate>
		<centerX>81</centerX>
		<centerY>35</centerY>
	</drawable>
	<drawable>
		<name>bg2.png</name>
	</drawable>
	<drawable>
		<name>day.xml</name>
		<arraytype>4</arraytype>
		<centerX>66</centerX>
		<centerY>-37</centerY>
	</drawable>
	<drawable>
		<name>hand.png</name>
		<rotate>1</rotate>
		<centerX>64</centerX>
		<centerY>-78</centerY>
	</drawable>
	<drawable>
		<name>minute.png</name>
		<rotate>2</rotate>
		<centerX>64</centerX>
		<centerY>-78</centerY>
	</drawable>
	<drawable>
		<name>second.png</name>
		<rotate>3</rotate>
		<centerX>64</centerX>
		<centerY>-78</centerY>
	</drawable>
	<drawable>
		<name>week.xml</name>
		<arraytype>5</arraytype>
	</drawable>
	<drawable>
		<name>bat.xml</name>
		<arraytype>14</arraytype>
		<centerX>-44</centerX>
		<centerY>-142</centerY>
	</drawable>
	<drawable>
		<name>weather_array.xml</name>
		<arraytype>10</arraytype>
		<centerX>-78</centerX>
		<centerY>-77</centerY>
	</drawable>
<!--COMMENTED BY ClockSkinMaker
<metadata gui='rra' version='1.4.0.0'/>
-->
</clockskin>