<?xml version="1.0" encoding="utf-8"?>
<drawables>
	<image>week_sun.png</image>
	<image>week_mon.png</image>
	<image>week_tue.png</image>
	<image>week_wed.png</image>
	<image>week_thu.png</image>
	<image>week_fri.png</image>
	<image>week_sat.png</image>
<!--COMMENTED BY ClockSkinMaker
<metadata gui='rra' version='1.4.0.0' type='array_weekday' autoscale='1' font='Times New Roman' fontstyle='Regular' fontsize='18,0044'>
<content>dom</content>
<content>seg</content>
<content>ter</content>
<content>qua</content>
<content>qui</content>
<content>sex</content>
<content>sáb</content>
</metadata>
-->
</drawables>