<Watch name="#390 CRRJU 5006" description="" tags="12h,analog,animation,battery,date,digital,tap" features="12h Time,Analog,Animation,Battery Level,Date,Digital,Smooth Seconds,Tap Actions" shape="R" author="" web_link="" bg_color="000000" ucolor_default="ffffff" mode_3d="0" ind_loc="tc" ind_bg="Y" hotword_loc="tc" hotword_bg="Y">
    <Layer type="image" x="0" y="0" gyro="0" rotation="0" skew_x="0" skew_y="0" opacity="100" alignment="cc" path=".img848.jpg" width="512*tweens.zoom" height="512*tweens.zoom" color="({abright} and var_dim ==1 or var_dim==3) and &apos;ffffff&apos; or &apos;727272&apos;" display="bd"/>
    <Layer type="text" x="123*tweens.zoom" y="0" gyro="0" rotation="0" skew_x="0" skew_y="0" opacity="100" alignment="cc" text="{dd}" text_size="17" anim_scale_x="117*tweens.zoom" anim_scale_y="100*tweens.zoom" font="Alte Haas Grotesk Bold" transform="n" color_dim="000000" color="000000" display="bd"/>
    <Layer type="image" x="83*tweens.zoom" y="-135*tweens.zoom" gyro="0" rotation="-150" skew_x="0" skew_y="0" opacity="80" alignment="cc" path=".img24116.png" width="90*tweens.zoom" height="90*tweens.zoom" color="000000" display="bd"/>
    <Layer type="image" x="141*tweens.zoom" y="-77*tweens.zoom" gyro="0" rotation="-120" skew_x="0" skew_y="0" opacity="80" alignment="cc" path=".img24116.png" width="90*tweens.zoom" height="90*tweens.zoom" color="000000" display="bd"/>
    <Layer type="image" x="161*tweens.zoom" y="3*tweens.zoom" gyro="0" rotation="-90" skew_x="0" skew_y="0" opacity="80" alignment="cc" path=".img24123.png" width="90*tweens.zoom" height="96*tweens.zoom" color="000000" display="bd"/>
    <Layer type="image" x="138*tweens.zoom" y="83*tweens.zoom" gyro="0" rotation="-60" skew_x="0" skew_y="0" opacity="80" alignment="cc" path=".img24116.png" width="90*tweens.zoom" height="90*tweens.zoom" color="000000" display="bd"/>
    <Layer type="image" x="2*tweens.zoom" y="163*tweens.zoom" gyro="0" rotation="0" skew_x="0" skew_y="0" opacity="80" alignment="cc" path=".img24120.png" width="90*tweens.zoom" height="94*tweens.zoom" color="000000" display="bd"/>
    <Layer type="image" x="79*tweens.zoom" y="141*tweens.zoom" gyro="0" rotation="-30" skew_x="0" skew_y="0" opacity="80" alignment="cc" path=".img24116.png" width="90*tweens.zoom" height="90*tweens.zoom" color="000000" display="bd"/>
    <Layer type="image" x="-77*tweens.zoom" y="141*tweens.zoom" gyro="0" rotation="30" skew_x="0" skew_y="0" opacity="80" alignment="cc" path=".img24116.png" width="90*tweens.zoom" height="90*tweens.zoom" color="000000" display="bd"/>
    <Layer type="image" x="-135*tweens.zoom" y="83*tweens.zoom" gyro="0" rotation="60" skew_x="0" skew_y="0" opacity="80" alignment="cc" path=".img24116.png" width="90*tweens.zoom" height="90*tweens.zoom" color="000000" display="bd"/>
    <Layer type="image" x="-158*tweens.zoom" y="3*tweens.zoom" gyro="0" rotation="90" skew_x="0" skew_y="0" opacity="80" alignment="cc" path=".img24120.png" width="90*tweens.zoom" height="94*tweens.zoom" color="000000" display="bd"/>
    <Layer type="image" x="-135*tweens.zoom" y="-75*tweens.zoom" gyro="0" rotation="120" skew_x="0" skew_y="0" opacity="80" alignment="cc" path=".img24116.png" width="90*tweens.zoom" height="90*tweens.zoom" color="000000" display="bd"/>
    <Layer type="image" x="-80*tweens.zoom" y="-131*tweens.zoom" gyro="0" rotation="150" skew_x="0" skew_y="0" opacity="80" alignment="cc" path=".img24116.png" width="90*tweens.zoom" height="90*tweens.zoom" color="000000" display="bd"/>
    <Layer type="image" x="1*tweens.zoom" y="-157*tweens.zoom" gyro="0" rotation="180" skew_x="0" skew_y="0" opacity="80" alignment="cc" path=".img24120.png" width="90*tweens.zoom" height="94*tweens.zoom" color="000000" display="bd"/>
    <Layer type="markers" x="0" y="0" gyro="0" rotation="30" skew_x="0" skew_y="0" opacity="100" radius="187" anim_scale_x="100*tweens.zoom" anim_scale_y="100*tweens.zoom" m_width="21" m_height="50" m_count="4" color="({abright} and var_dim ==1 or var_dim==3) and &apos;ffffff&apos; or &apos;00f702&apos;" shape="Triangle" squarify="0" display="bd"/>
    <Layer type="markers" x="0" y="0" gyro="0" rotation="60" skew_x="0" skew_y="0" opacity="100" radius="187" anim_scale_x="100*tweens.zoom" anim_scale_y="100*tweens.zoom" m_width="21" m_height="50" m_count="4" color="({abright} and var_dim ==1 or var_dim==3) and &apos;ffffff&apos; or &apos;00f702&apos;" shape="Triangle" squarify="0" display="bd"/>
    <Layer type="image" x="158*tweens.zoom" y="0" gyro="0" rotation="-90" skew_x="0" skew_y="0" opacity="100" alignment="cc" path=".img24122.png" width="90*tweens.zoom" height="96*tweens.zoom" color="({abright} and var_dim ==1 or var_dim==3) and &apos;ffffff&apos; or &apos;00f702&apos;" display="bd"/>
    <Layer type="image" x="0" y="159*tweens.zoom" gyro="0" rotation="0" skew_x="0" skew_y="0" opacity="100" alignment="cc" path=".img24119.png" width="90*tweens.zoom" height="94*tweens.zoom" color="({abright} and var_dim ==1 or var_dim==3) and &apos;ffffff&apos; or &apos;00f702&apos;" display="bd"/>
    <Layer type="image" x="-160*tweens.zoom" y="0" gyro="0" rotation="90" skew_x="0" skew_y="0" opacity="100" alignment="cc" path=".img24119.png" width="90*tweens.zoom" height="94*tweens.zoom" color="({abright} and var_dim ==1 or var_dim==3) and &apos;ffffff&apos; or &apos;00f702&apos;" display="bd"/>
    <Layer type="image" x="0" y="-159*tweens.zoom" gyro="0" rotation="180" skew_x="0" skew_y="0" opacity="100" alignment="cc" path=".img24119.png" width="90*tweens.zoom" height="94*tweens.zoom" color="({abright} and var_dim ==1 or var_dim==3) and &apos;ffffff&apos; or &apos;00f702&apos;" display="bd"/>
    <Layer type="image" x="81*tweens.zoom" y="-137*tweens.zoom" gyro="0" rotation="-150" skew_x="0" skew_y="0" opacity="100" alignment="cc" path=".img24115.png" width="90*tweens.zoom" height="90*tweens.zoom" color="5b5b5b" display="bd"/>
    <Layer type="image" x="80*tweens.zoom" y="-138*tweens.zoom" gyro="0" rotation="-150" skew_x="0" skew_y="0" opacity="100" alignment="cc" path=".img24115.png" width="90*tweens.zoom" height="90*tweens.zoom" color="ffffff" display="bd" shader="GradientLinear" u_1="({abright} and var_dim ==1 or var_dim==3) and &apos;003487&apos; or &apos;28354a&apos;" u_2="({abright} and var_dim ==1 or var_dim==3) and &apos;61a2fe&apos; or &apos;4c5c76&apos;" u_3="0" u_4="80"/>
    <Layer type="image" x="139*tweens.zoom" y="-79*tweens.zoom" gyro="0" rotation="-120" skew_x="0" skew_y="0" opacity="100" alignment="cc" path=".img24115.png" width="90*tweens.zoom" height="90*tweens.zoom" color="5b5b5b" display="bd"/>
    <Layer type="image" x="138*tweens.zoom" y="-80*tweens.zoom" gyro="0" rotation="-120" skew_x="0" skew_y="0" opacity="100" alignment="cc" path=".img24115.png" width="90*tweens.zoom" height="90*tweens.zoom" color="ffffff" display="bd" shader="GradientLinear" u_1="({abright} and var_dim ==1 or var_dim==3) and &apos;003487&apos; or &apos;28354a&apos;" u_2="({abright} and var_dim ==1 or var_dim==3) and &apos;61a2fe&apos; or &apos;4c5c76&apos;" u_3="0" u_4="80"/>
    <Layer type="image" x="159*tweens.zoom" y="1*tweens.zoom" gyro="0" rotation="-90" skew_x="0" skew_y="0" opacity="100" alignment="cc" path=".img24121.png" width="90*tweens.zoom" height="96*tweens.zoom" color="5b5b5b" display="bd"/>
    <Layer type="image" x="158*tweens.zoom" y="0" gyro="0" rotation="-90" skew_x="0" skew_y="0" opacity="100" alignment="cc" path=".img24121.png" width="90*tweens.zoom" height="96*tweens.zoom" color="ffffff" display="bd" shader="GradientLinear" u_1="({abright} and var_dim ==1 or var_dim==3) and &apos;003487&apos; or &apos;28354a&apos;" u_2="({abright} and var_dim ==1 or var_dim==3) and &apos;61a2fe&apos; or &apos;4c5c76&apos;" u_3="0" u_4="80"/>
    <Layer type="image" x="139*tweens.zoom" y="81*tweens.zoom" gyro="0" rotation="-60" skew_x="0" skew_y="0" opacity="100" alignment="cc" path=".img24115.png" width="90*tweens.zoom" height="90*tweens.zoom" color="5b5b5b" display="bd"/>
    <Layer type="image" x="138*tweens.zoom" y="80*tweens.zoom" gyro="0" rotation="-60" skew_x="0" skew_y="0" opacity="100" alignment="cc" path=".img24115.png" width="90*tweens.zoom" height="90*tweens.zoom" color="ffffff" display="bd" shader="GradientLinear" u_1="({abright} and var_dim ==1 or var_dim==3) and &apos;61a2fe&apos; or &apos;4c5c76&apos;" u_2="({abright} and var_dim ==1 or var_dim==3) and &apos;003487&apos; or &apos;28354a&apos;" u_3="0" u_4="80"/>
    <Layer type="image" x="81*tweens.zoom" y="139*tweens.zoom" gyro="0" rotation="-30" skew_x="0" skew_y="0" opacity="100" alignment="cc" path=".img24115.png" width="90*tweens.zoom" height="90*tweens.zoom" color="5b5b5b" display="bd"/>
    <Layer type="image" x="80*tweens.zoom" y="138*tweens.zoom" gyro="0" rotation="-30" skew_x="0" skew_y="0" opacity="100" alignment="cc" path=".img24115.png" width="90*tweens.zoom" height="90*tweens.zoom" color="ffffff" display="bd" shader="GradientLinear" u_1="({abright} and var_dim ==1 or var_dim==3) and &apos;61a2fe&apos; or &apos;4c5c76&apos;" u_2="({abright} and var_dim ==1 or var_dim==3) and &apos;003487&apos; or &apos;28354a&apos;" u_3="0" u_4="80"/>
    <Layer type="image" x="1*tweens.zoom" y="159*tweens.zoom" gyro="0" rotation="0" skew_x="0" skew_y="0" opacity="100" alignment="cc" path=".img24118.png" width="90*tweens.zoom" height="94*tweens.zoom" color="5b5b5b" display="bd"/>
    <Layer type="image" x="0" y="158*tweens.zoom" gyro="0" rotation="0" skew_x="0" skew_y="0" opacity="100" alignment="cc" path=".img24118.png" width="90*tweens.zoom" height="94*tweens.zoom" color="ffffff" display="bd" tap_action="script:dim() dimmess()" shader="GradientLinear" u_1="({abright} and var_dim ==1 or var_dim==3) and &apos;61a2fe&apos; or &apos;4c5c76&apos;" u_2="({abright} and var_dim ==1 or var_dim==3) and &apos;003487&apos; or &apos;28354a&apos;" u_3="0" u_4="80"/>
    <Layer type="image" x="-79*tweens.zoom" y="139*tweens.zoom" gyro="0" rotation="30" skew_x="0" skew_y="0" opacity="100" alignment="cc" path=".img24115.png" width="90*tweens.zoom" height="90*tweens.zoom" color="5b5b5b" display="bd"/>
    <Layer type="image" x="-80*tweens.zoom" y="138*tweens.zoom" gyro="0" rotation="30" skew_x="0" skew_y="0" opacity="100" alignment="cc" path=".img24115.png" width="90*tweens.zoom" height="90*tweens.zoom" color="ffffff" display="bd" shader="GradientLinear" u_1="({abright} and var_dim ==1 or var_dim==3) and &apos;61a2fe&apos; or &apos;4c5c76&apos;" u_2="({abright} and var_dim ==1 or var_dim==3) and &apos;003487&apos; or &apos;28354a&apos;" u_3="0" u_4="80"/>
    <Layer type="image" x="-137*tweens.zoom" y="81*tweens.zoom" gyro="0" rotation="60" skew_x="0" skew_y="0" opacity="100" alignment="cc" path=".img24115.png" width="90*tweens.zoom" height="90*tweens.zoom" color="5b5b5b" display="bd"/>
    <Layer type="image" x="-138*tweens.zoom" y="80*tweens.zoom" gyro="0" rotation="60" skew_x="0" skew_y="0" opacity="100" alignment="cc" path=".img24115.png" width="90*tweens.zoom" height="90*tweens.zoom" color="ffffff" display="bd" shader="GradientLinear" u_1="({abright} and var_dim ==1 or var_dim==3) and &apos;61a2fe&apos; or &apos;4c5c76&apos;" u_2="({abright} and var_dim ==1 or var_dim==3) and &apos;003487&apos; or &apos;28354a&apos;" u_3="0" u_4="80"/>
    <Layer type="image" x="-159*tweens.zoom" y="1*tweens.zoom" gyro="0" rotation="90" skew_x="0" skew_y="0" opacity="100" alignment="cc" path=".img24118.png" width="90*tweens.zoom" height="94*tweens.zoom" color="5b5b5b" display="bd"/>
    <Layer type="image" x="-160*tweens.zoom" y="0" gyro="0" rotation="90" skew_x="0" skew_y="0" opacity="100" alignment="cc" path=".img24118.png" width="90*tweens.zoom" height="94*tweens.zoom" color="ffffff" display="bd" shader="GradientLinear" u_1="({abright} and var_dim ==1 or var_dim==3) and &apos;003487&apos; or &apos;28354a&apos;" u_2="({abright} and var_dim ==1 or var_dim==3) and &apos;61a2fe&apos; or &apos;4c5c76&apos;" u_3="0" u_4="80"/>
    <Layer type="image" x="-137*tweens.zoom" y="-79*tweens.zoom" gyro="0" rotation="120" skew_x="0" skew_y="0" opacity="100" alignment="cc" path=".img24115.png" width="90*tweens.zoom" height="90*tweens.zoom" color="5b5b5b" display="bd"/>
    <Layer type="image" x="-138*tweens.zoom" y="-80*tweens.zoom" gyro="0" rotation="120" skew_x="0" skew_y="0" opacity="100" alignment="cc" path=".img24115.png" width="90*tweens.zoom" height="90*tweens.zoom" color="ffffff" display="bd" shader="GradientLinear" u_1="({abright} and var_dim ==1 or var_dim==3) and &apos;003487&apos; or &apos;28354a&apos;" u_2="({abright} and var_dim ==1 or var_dim==3) and &apos;61a2fe&apos; or &apos;4c5c76&apos;" u_3="0" u_4="80"/>
    <Layer type="image" x="-79*tweens.zoom" y="-137*tweens.zoom" gyro="0" rotation="150" skew_x="0" skew_y="0" opacity="100" alignment="cc" path=".img24115.png" width="90*tweens.zoom" height="90*tweens.zoom" color="5b5b5b" display="bd"/>
    <Layer type="image" x="-80*tweens.zoom" y="-138*tweens.zoom" gyro="0" rotation="150" skew_x="0" skew_y="0" opacity="100" alignment="cc" path=".img24115.png" width="90*tweens.zoom" height="90*tweens.zoom" color="ffffff" display="bd" shader="GradientLinear" u_1="({abright} and var_dim ==1 or var_dim==3) and &apos;003487&apos; or &apos;28354a&apos;" u_2="({abright} and var_dim ==1 or var_dim==3) and &apos;61a2fe&apos; or &apos;4c5c76&apos;" u_3="0" u_4="80"/>
    <Layer type="image" x="1*tweens.zoom" y="-159*tweens.zoom" gyro="0" rotation="180" skew_x="0" skew_y="0" opacity="100" alignment="cc" path=".img24118.png" width="90*tweens.zoom" height="94*tweens.zoom" color="5b5b5b" display="bd"/>
    <Layer type="image" x="0" y="-160*tweens.zoom" gyro="0" rotation="180" skew_x="0" skew_y="0" opacity="100" alignment="cc" path=".img24118.png" width="90*tweens.zoom" height="94*tweens.zoom" color="ffffff" display="bd" shader="GradientLinear" u_1="({abright} and var_dim ==1 or var_dim==3) and &apos;003487&apos; or &apos;28354a&apos;" u_2="({abright} and var_dim ==1 or var_dim==3) and &apos;61a2fe&apos; or &apos;4c5c76&apos;" u_3="0" u_4="80"/>
    <Layer type="image" x="4*tweens.zoom" y="4*tweens.zoom" gyro="0" rotation="{drh}" skew_x="0" skew_y="0" opacity="45" alignment="cc" path=".img24142.png" width="446*tweens.zoom" height="446*tweens.zoom" color="000000" display="bd"/>
    <Layer type="image" x="0" y="0" gyro="0" rotation="{drh}" skew_x="0" skew_y="0" opacity="100" alignment="cc" path=".img24143.png" width="446*tweens.zoom" height="446*tweens.zoom" color="({abright} and var_dim ==1 or var_dim==3) and &apos;ffffff&apos; or &apos;00f702&apos;" display="bd"/>
    <Layer type="image" x="0.5*tweens.zoom" y="0.5*tweens.zoom" gyro="0" rotation="{drh}" skew_x="0" skew_y="0" opacity="100" alignment="cc" path=".img24144.png" width="446*tweens.zoom" height="446*tweens.zoom" color="3e70c0" display="bd"/>
    <Layer type="image" x="0" y="0" gyro="0" rotation="{drh}" skew_x="0" skew_y="0" opacity="100" alignment="cc" path=".img24145.png" width="446*tweens.zoom" height="446*tweens.zoom" color="ffffff" display="bd" shader="GradientLinear" u_1="({abright} and var_dim ==1 or var_dim==3) and &apos;72b2ff&apos; or &apos;4c5c76&apos;" u_2="({abright} and var_dim ==1 or var_dim==3) and &apos;002f7b&apos; or &apos;28354a&apos;" u_3="270" u_4="0.5"/>
    <Layer type="image" x="5*tweens.zoom" y="5*tweens.zoom" gyro="0" rotation="{drm}" skew_x="0" skew_y="0" opacity="45" alignment="cc" path=".img24141.png" width="461*tweens.zoom" height="461*tweens.zoom" color="000000" display="bd"/>
    <Layer type="image" x="0" y="0" gyro="0" rotation="{drm}" skew_x="0" skew_y="0" opacity="100" alignment="cc" path=".img24140.png" width="461*tweens.zoom" height="461*tweens.zoom" color="({abright} and var_dim ==1 or var_dim==3) and &apos;ffffff&apos; or &apos;00f702&apos;" display="bd"/>
    <Layer type="image" x="0.5*tweens.zoom" y="0.5*tweens.zoom" gyro="0" rotation="{drm}" skew_x="0" skew_y="0" opacity="100" alignment="cc" path=".img24139.png" width="461*tweens.zoom" height="461*tweens.zoom" color="3e70c0" display="bd"/>
    <Layer type="image" x="0" y="0" gyro="0" rotation="{drm}" skew_x="0" skew_y="0" opacity="100" alignment="cc" path=".img24138.png" width="461*tweens.zoom" height="461*tweens.zoom" color="ffffff" display="bd" shader="GradientLinear" u_1="({abright} and var_dim ==1 or var_dim==3) and &apos;72b2ff&apos; or &apos;4c5c76&apos;" u_2="({abright} and var_dim ==1 or var_dim==3) and &apos;002f7b&apos; or &apos;28354a&apos;" u_3="270" u_4="0.5"/>
    <Layer type="image" x="6*tweens.zoom" y="6*tweens.zoom" gyro="0" rotation="{abright} and {drss} or {br}" skew_x="0" skew_y="0" opacity="45" alignment="cc" path=".img24147.png" width="467*tweens.zoom" height="467*tweens.zoom" color="000000" display="bd"/>
    <Layer type="image" x="0" y="0" gyro="0" rotation="{abright} and {drss} or {br}" skew_x="0" skew_y="0" opacity="100" alignment="cc" path=".img24148.png" width="467*tweens.zoom" height="467*tweens.zoom" color="({abright} and var_dim ==1 or var_dim==3) and &apos;ffffff&apos; or &apos;00f702&apos;" display="bd"/>
    <Layer type="image" x="0.5*tweens.zoom" y="0.5*tweens.zoom" gyro="0" rotation="{abright} and {drss} or {br}" skew_x="0" skew_y="0" opacity="100" alignment="cc" path=".img24149.png" width="467*tweens.zoom" height="467*tweens.zoom" color="3e70c0" display="bd"/>
    <Layer type="image" x="0" y="0" gyro="0" rotation="{abright} and {drss} or {br}" skew_x="0" skew_y="0" opacity="100" alignment="cc" path=".img24146.png" width="467*tweens.zoom" height="467*tweens.zoom" color="ffffff" display="bd" shader="GradientLinear" u_1="({abright} and var_dim ==1 or var_dim==3) and &apos;72b2ff&apos; or &apos;4c5c76&apos;" u_2="({abright} and var_dim ==1 or var_dim==3) and &apos;002f7b&apos; or &apos;28354a&apos;" u_3="270" u_4="3"/>
    <Layer type="image" x="0" y="0" gyro="0" rotation="0" skew_x="0" skew_y="0" opacity="100" alignment="cc" path=".img24150.png" width="8*tweens.zoom" height="8*tweens.zoom" color="({abright} and var_dim ==1 or var_dim==3) and &apos;ffffff&apos; or &apos;828ea1&apos;" display="bd"/>
    <Layer type="text" x="0" y="-47*tweens.zoom" gyro="0" rotation="0" skew_x="0" skew_y="0" opacity="var_dim == 1 and tweens.mess or 0" alignment="cc" text="DIM AUTO" text_size="18" anim_scale_x="100*tweens.zoom" anim_scale_y="100*tweens.zoom" font="01PorscheDesignFont" transform="n" color_dim="000000" color="000000" display="bd"/>
    <Layer type="text" x="0" y="-47*tweens.zoom" gyro="0" rotation="0" skew_x="0" skew_y="0" opacity="var_dim == 2 and tweens.mess or 0" alignment="cc" text="DIM ON" text_size="18" anim_scale_x="100*tweens.zoom" anim_scale_y="100*tweens.zoom" font="01PorscheDesignFont" transform="n" color_dim="00f702" color="00f702" display="bd"/>
    <Layer type="text" x="0" y="-47*tweens.zoom" gyro="0" rotation="0" skew_x="0" skew_y="0" opacity="var_dim == 3 and tweens.mess or 0" alignment="cc" text="DIM OFF" text_size="18" anim_scale_x="100*tweens.zoom" anim_scale_y="100*tweens.zoom" font="01PorscheDesignFont" transform="n" color_dim="000000" color="000000" display="bd"/>
    <Layer type="shape" x="0" y="0" gyro="0" rotation="0" skew_x="0" skew_y="0" opacity="100" alignment="cc" shape="Circle" width="100" height="100" color="4629a1" display="n" tap_action="script:zoom()"/>
</Watch>
