<?xml version="1.0" encoding="utf-8"?>
<drawables>
	<image>AM_jan.png</image>
	<image>AM_feb.png</image>
	<image>AM_mar.png</image>
	<image>AM_apr.png</image>
	<image>AM_may.png</image>
	<image>AM_jun.png</image>
	<image>AM_jul.png</image>
	<image>AM_aug.png</image>
	<image>AM_sep.png</image>
	<image>AM_oct.png</image>
	<image>AM_nov.png</image>
	<image>AM_dec.png</image>
<!--COMMENTED BY ClockSkinMaker
<metadata gui='rra' version='2.0.0.2' type='array_month' forecolor='FFFFFF' autoscale='1' font='Times New Roman' fontstyle='Regular' fontsize='13,34746'>
<content>янв</content>
<content>фев</content>
<content>мар</content>
<content>апр</content>
<content>май</content>
<content>июн</content>
<content>июл</content>
<content>авг</content>
<content>сен</content>
<content>окт</content>
<content>ноя</content>
<content>дек</content>
</metadata>
-->
</drawables>