<?xml version="1.0" encoding="utf-8"?>
<clockskin>
	<drawable>
		<name>Base_3.png</name>
	</drawable>
	<drawable>
		<name>BATT LEVEL WD DAY MONTH FRAMES.png</name>
	</drawable>
	<drawable>
		<name>BATT ARROW.png</name>
		<rotate>6</rotate>
		<centerX>97</centerX>
		<centerY>98</centerY>
		<mulrotate>-2</mulrotate>
	</drawable>
	<drawable>
		<name>AW.xml</name>
		<arraytype>5</arraytype>
	</drawable>
	<drawable>
		<name>HATCH.png</name>
	</drawable>
	<drawable>
		<name>Day.xml</name>
		<arraytype>4</arraytype>
		<centerX>-74</centerX>
		<centerY>26</centerY>
	</drawable>
	<drawable>
		<name>AM.xml</name>
		<arraytype>3</arraytype>
	</drawable>
	<drawable>
		<name>DOT_1.png</name>
		<centerX>-102</centerX>
		<centerY>-90</centerY>
	</drawable>
	<drawable>
		<name>DOT.png</name>
		<centerX>94</centerX>
		<centerY>106</centerY>
	</drawable>
	<drawable>
		<name>FIGURES.png</name>
	</drawable>
	<drawable>
		<name>HH_3.png</name>
		<rotate>1</rotate>
	</drawable>
	<drawable>
		<name>MH_3.png</name>
		<rotate>2</rotate>
	</drawable>
	<drawable>
		<name>SH.png</name>
		<rotate>3</rotate>
	</drawable>
	<drawable>
		<name>GREEN MARKS.png</name>
	</drawable>
	<drawable>
		<arraytype>99</arraytype>
		<centerX>-100</centerX>
		<centerY>68</centerY>
	</drawable>
<!--COMMENTED BY ClockSkinMaker
<metadata gui='rra' version='2.0.0.2'/>
-->
</clockskin>