<?xml version="1.0" encoding="utf-8"?>
<clockskin>
	<drawable>
		<name>clock400.png</name>
	</drawable>
	<drawable>
		<name>week.xml</name>
		<arraytype>5</arraytype>
		<centerY>93</centerY>
	</drawable>
	<drawable>
		<name>calendario.png</name>
	</drawable>
	<drawable>
		<name>day.xml</name>
		<arraytype>4</arraytype>
		<centerX>3</centerX>
		<centerY>98</centerY>
	</drawable>
	<drawable>
		<name>hour.xml</name>
		<arraytype>7</arraytype>
		<centerX>5</centerX>
		<centerY>-112</centerY>
	</drawable>
	<drawable>
		<name>minute.xml</name>
		<arraytype>8</arraytype>
		<centerX>5</centerX>
		<centerY>-59</centerY>
	</drawable>
	<drawable>
		<name>hand.png</name>
		<rotate>1</rotate>
	</drawable>
	<drawable>
		<name>minute.png</name>
		<rotate>2</rotate>
	</drawable>
	<drawable>
		<name>second.png</name>
		<rotate>3</rotate>
	</drawable>
<!--COMMENTED BY ClockSkinMaker
<metadata gui='rra' version='1.4.0.0'/>
-->
</clockskin>