<?xml version="1.0" encoding="utf-8"?>
<clockskin>
	<drawable>
		<name>Center.png</name>
	</drawable>
	<drawable>
		<name>Base.png</name>
	</drawable>
	<drawable>
		<name>WD Month Day Batt Bases.png</name>
	</drawable>
	<drawable>
		<name>WD and Batt bases hatch.png</name>
	</drawable>
	<drawable>
		<name>Batt arrow.png</name>
		<rotate>6</rotate>
		<centerX>69</centerX>
		<direction>2</direction>
	</drawable>
	<drawable>
		<name>WD.xml</name>
		<arraytype>5</arraytype>
	</drawable>
	<drawable>
		<name>M.xml</name>
		<arraytype>3</arraytype>
		<centerX>-1</centerX>
		<centerY>13</centerY>
	</drawable>
	<drawable>
		<name>D.xml</name>
		<arraytype>4</arraytype>
		<centerX>-1</centerX>
		<centerY>84</centerY>
	</drawable>
	<drawable>
		<name>HH_3.png</name>
		<rotate>1</rotate>
	</drawable>
	<drawable>
		<name>MH_3.png</name>
		<rotate>2</rotate>
	</drawable>
	<drawable>
		<name>SH_1.png</name>
		<rotate>3</rotate>
	</drawable>
<!--COMMENTED BY ClockSkinMaker
<metadata gui='rra' version='2.0.0.2'/>
-->
</clockskin>