<?xml version="1.0" encoding="utf-8"?>
<clockskin>
	<drawable>
		<name>ambient pos 1.png</name>
	</drawable>
	<drawable>
		<name>SH.png</name>
		<rotate>3</rotate>
	</drawable>
	<drawable>
		<name>Base.png</name>
	</drawable>
	<drawable>
		<name>HM.xml</name>
		<arraytype>6</arraytype>
		<centerX>1</centerX>
		<centerY>49</centerY>
	</drawable>
	<drawable>
		<name>Batt.xml</name>
		<arraytype>14</arraytype>
		<centerX>2</centerX>
		<centerY>150</centerY>
	</drawable>
	<drawable>
		<name>day.xml</name>
		<arraytype>4</arraytype>
		<centerX>-2</centerX>
		<centerY>-60</centerY>
	</drawable>
	<drawable>
		<name>M.xml</name>
		<arraytype>3</arraytype>
	</drawable>
	<drawable>
		<name>WD.xml</name>
		<arraytype>5</arraytype>
	</drawable>
	<drawable>
		<name>Per.png</name>
		<centerX>56</centerX>
		<centerY>151</centerY>
	</drawable>
<!--COMMENTED BY ClockSkinMaker
<metadata gui='rra' version='2.0.0.2'/>
-->
</clockskin>