<clockskin>
    <drawable>
        <name>image1.png</name>
    </drawable>
    <drawable>
        <rotate>3</rotate>
        <mulrotate>-8</mulrotate>
        <name>image2.png</name>
    </drawable>
    <drawable>
        <rotate>3</rotate>
        <mulrotate>-8</mulrotate>
        <name>image3.png</name>
    </drawable>
    <drawable>
        <name>image4.png</name>
    </drawable>
    <drawable>
        <rotate>5</rotate>
        <mulrotate>-7</mulrotate>
        <name>image5.png</name>
    </drawable>
    <drawable>
        <rotate>5</rotate>
        <mulrotate>-7</mulrotate>
        <name>image6.png</name>
    </drawable>
    <drawable>
        <name>image7.png</name>
    </drawable>
    <drawable>
        <rotate>2</rotate>
        <direction>2</direction>
        <mulrotate>-8</mulrotate>
        <name>image8.png</name>
    </drawable>
    <drawable>
        <rotate>2</rotate>
        <mulrotate>-8</mulrotate>
        <name>image9.png</name>
    </drawable>
    <drawable>
        <name>image10.png</name>
    </drawable>
    <drawable>
        <rotate>1</rotate>
        <direction>2</direction>
        <mulrotate>-16</mulrotate>
        <name>image11.png</name>
    </drawable>
    <drawable>
        <rotate>1</rotate>
        <mulrotate>-16</mulrotate>
        <name>image12.png</name>
    </drawable>
    <drawable>
        <name>image13.png</name>
    </drawable>
    <drawable>
        <name>digital1.xml</name>
        <arraytype>7</arraytype>
        <centerX>-65</centerX>
        <centerY>0</centerY>
    </drawable>
    <drawable>
        <name>digital2.xml</name>
        <arraytype>8</arraytype>
        <centerX>65</centerX>
        <centerY>0</centerY>
    </drawable>
    <drawable>
        <name>digital3.xml</name>
        <arraytype>9</arraytype>
        <centerX>0</centerX>
        <centerY>65</centerY>
    </drawable>
    <drawable>
        <name>digital4.xml</name>
        <arraytype>4</arraytype>
        <centerX>0</centerX>
        <centerY>-65</centerY>
    </drawable>
    <drawable>
        <name>image14.png</name>
    </drawable>
    <drawable>
        <rotate>1</rotate>
        <direction>2</direction>
        <mulrotate>1</mulrotate>
        <name>image15.png</name>
    </drawable>
    <drawable>
        <rotate>1</rotate>
        <mulrotate>1</mulrotate>
        <name>image16.png</name>
    </drawable>
    <drawable>
        <rotate>1</rotate>
        <mulrotate>1</mulrotate>
        <name>image17.png</name>
    </drawable>
    <drawable>
        <rotate>2</rotate>
        <direction>2</direction>
        <mulrotate>1</mulrotate>
        <movement>2</movement>
        <name>image15.png</name>
    </drawable>
    <drawable>
        <name>image19.png</name>
    </drawable>
    <drawable>
        <rotate>2</rotate>
        <mulrotate>1</mulrotate>
        <movement>2</movement>
        <name>image20.png</name>
    </drawable>
    <drawable>
        <rotate>2</rotate>
        <mulrotate>1</mulrotate>
        <movement>2</movement>
        <name>image21.png</name>
    </drawable>
    <drawable>
        <name>image22.png</name>
    </drawable>
</clockskin>
