<?xml version="1.0" encoding="utf-8"?>
<clockskin>
	<drawable>
		<name>BASE.png</name>
	</drawable>
	<drawable>
		<name>WD ROTATE.png</name>
		<rotate>5</rotate>
		<centerX>-110</centerX>
	</drawable>
	<drawable>
		<name>MONTH ROTATE.png</name>
		<rotate>4</rotate>
		<centerX>108</centerX>
	</drawable>
	<drawable>
		<name>BATT ROTATE.png</name>
		<rotate>6</rotate>
		<centerX>-1</centerX>
		<centerY>114</centerY>
	</drawable>
	<drawable>
		<name>Day.xml</name>
		<arraytype>4</arraytype>
		<centerX>1</centerX>
		<centerY>-85</centerY>
	</drawable>
	<drawable>
		<name>12.png</name>
		<centerX>-2</centerX>
		<centerY>-143</centerY>
	</drawable>
	<drawable>
		<name>HH_4.png</name>
		<rotate>1</rotate>
	</drawable>
	<drawable>
		<name>MH_4.png</name>
		<rotate>2</rotate>
	</drawable>
	<drawable>
		<name>SH.png</name>
		<rotate>3</rotate>
	</drawable>
	<drawable>
		<arraytype>99</arraytype>
		<centerX>-116</centerX>
		<centerY>-94</centerY>
	</drawable>
<!--COMMENTED BY ClockSkinMaker
<metadata gui='rra' version='2.0.0.2'/>
-->
</clockskin>