<?xml version="1.0" encoding="utf-8"?>
<drawables>
	<image>image_bg1.png</image>
	<image>image_bg2.png</image>
	<image>image_bg3.png</image>
	<image>image_bg4.png</image>
	<image>image_bg5.png</image>
	<image>image_bg6.png</image>
	<image>image_bg7.png</image>
	<image>image_bg8.png</image>
<!--COMMENTED BY ClockSkinMaker
<metadata gui='rra' version='1.6.0.0' type='array_hourminute' forecolor='F8F8A8' autoscale='1' font='时尚中黑简体' fontstyle='Bold' fontsize='31.72958'>
<content>0</content>
<content>1</content>
<content>2</content>
<content>3</content>
<content>4</content>
<content>5</content>
<content>6</content>
<content>7</content>
<content>8</content>
<content>9</content>
<content>:</content>
<content></content>
<content></content>
</metadata>
-->
</drawables>