<clockskin>
    <drawable>
        <name>bg.xml</name>
        <arraytype>80</arraytype>
    </drawable>
    <drawable>
        <name>digital1.xml</name>
        <arraytype>7</arraytype>
        <centerX>145</centerX>
        <centerY>-14</centerY>
    </drawable>
    <drawable>
        <name>digital2.xml</name>
        <arraytype>8</arraytype>
        <centerX>145</centerX>
        <centerY>22</centerY>
    </drawable>
    <drawable>
        <name>digital3.xml</name>
        <arraytype>5</arraytype>
        <centerX>118</centerX>
        <centerY>55</centerY>
    </drawable>
    <drawable>
        <name>digital4.xml</name>
        <arraytype>4</arraytype>
        <centerX>166</centerX>
        <centerY>55</centerY>
    </drawable>
</clockskin>
