<clockskin>
    <drawable>
        <name>image1.png</name>
    </drawable>
    <drawable>
        <name>digital1.xml</name>
        <arraytype>14</arraytype>
        <centerX>-68</centerX>
        <centerY>-125</centerY>
    </drawable>
    <drawable>
        <name>digital2.xml</name>
        <arraytype>14</arraytype>
        <centerX>332</centerX>
        <centerY>-125</centerY>
    </drawable>
    <drawable>
        <name>digital3.xml</name>
        <arraytype>14</arraytype>
        <centerX>732</centerX>
        <centerY>-125</centerY>
    </drawable>
    <drawable>
        <name>digital4.xml</name>
        <arraytype>12</arraytype>
        <centerX>-303</centerX>
        <centerY>124</centerY>
    </drawable>
    <drawable>
        <name>digital5.xml</name>
        <arraytype>14</arraytype>
        <centerX>-49</centerX>
        <centerY>-154</centerY>
    </drawable>
    <drawable>
        <name>digital6.xml</name>
        <arraytype>11</arraytype>
        <centerX>88</centerX>
        <centerY>-139</centerY>
    </drawable>
    <drawable>
        <name>digital7.xml</name>
        <arraytype>13</arraytype>
        <centerX>-105</centerX>
        <centerY>-81</centerY>
    </drawable>
    <drawable>
        <name>digital8.xml</name>
        <arraytype>54</arraytype>
        <centerX>-113</centerX>
        <centerY>-30</centerY>
    </drawable>
    <drawable>
        <name>digital9.xml</name>
        <arraytype>60</arraytype>
        <centerX>-107</centerX>
        <centerY>13</centerY>
    </drawable>
    <drawable>
        <name>digital10.xml</name>
        <arraytype>12</arraytype>
        <centerX>45</centerX>
        <centerY>158</centerY>
    </drawable>
    <drawable>
        <name>digital11.xml</name>
        <arraytype>4</arraytype>
        <centerX>-128</centerX>
        <centerY>85</centerY>
    </drawable>
    <drawable>
        <name>digital12.xml</name>
        <arraytype>3</arraytype>
        <centerX>-51</centerX>
        <centerY>86</centerY>
    </drawable>
    <drawable>
        <name>digital13.xml</name>
        <arraytype>7</arraytype>
        <centerX>-14</centerX>
        <centerY>-35</centerY>
    </drawable>
    <drawable>
        <name>digital14.xml</name>
        <arraytype>8</arraytype>
        <centerX>75</centerX>
        <centerY>39</centerY>
    </drawable>
    <drawable>
        <name>digital15.xml</name>
        <arraytype>9</arraytype>
        <centerX>169</centerX>
        <centerY>17</centerY>
    </drawable>
    <drawable>
        <name>digital16.xml</name>
        <arraytype>6</arraytype>
        <centerX>156</centerX>
        <centerY>76</centerY>
    </drawable>
    <drawable>
        <name>digital17.xml</name>
        <arraytype>5</arraytype>
        <centerX>-96</centerX>
        <centerY>45</centerY>
    </drawable>
    <drawable>
        <name>digital18.xml</name>
        <arraytype>10</arraytype>
        <centerX>114</centerX>
        <centerY>-83</centerY>
    </drawable>
</clockskin>
<!-- Created on WatchFace Designer 0.14.2 beta -->
<!-- Exported for Android 7.1+ Stock ClockSkin Engine -->
