<?xml version="1.0" encoding="utf-8"?>
<drawables>
     <image>digital16_0.png</image>
     <image>digital16_0.png</image>
     <image>digital16_0.png</image>
     <image>digital16_0.png</image>
     <image>digital16_0.png</image>
     <image>digital16_0.png</image>
     <image>digital16_0.png</image>
     <image>digital16_0.png</image>
     <image>digital16_0.png</image>
     <image>digital16_0.png</image>
     <image>digital16_10.png</image>
     <image>digital16_11.png</image>
     <image>digital16_12.png</image>
</drawables>
