<?xml version="1.0" encoding="utf-8"?>
<clockskin>
	<drawable>
		<name>BASE.png</name>
	</drawable>
	<drawable>
		<name>frames.png</name>
	</drawable>
	<drawable>
		<name>wd month batt day bases_gr.png</name>
	</drawable>
	<drawable>
		<name>wd month batt text.png</name>
	</drawable>
	<drawable>
		<name>Day.xml</name>
		<arraytype>4</arraytype>
		<centerY>-86</centerY>
	</drawable>
	<drawable>
		<name>month rotate.png</name>
		<rotate>4</rotate>
		<centerX>108</centerX>
	</drawable>
	<drawable>
		<name>wd rotate.png</name>
		<rotate>5</rotate>
		<centerX>-108</centerX>
	</drawable>
	<drawable>
		<name>batt rotate.png</name>
		<rotate>6</rotate>
		<centerY>115</centerY>
	</drawable>
	<drawable>
		<name>HH_4.png</name>
		<rotate>1</rotate>
	</drawable>
	<drawable>
		<name>MH_4.png</name>
		<rotate>2</rotate>
	</drawable>
	<drawable>
		<name>SH.png</name>
		<rotate>3</rotate>
	</drawable>
<!--COMMENTED BY ClockSkinMaker
<metadata gui='rra' version='2.0.0.2'/>
-->
</clockskin>