<clockskin>
    <drawable>
        <name>image1.png</name>
    </drawable>
    <drawable>
        <rotate>2</rotate>
        <mulrotate>80</mulrotate>
        <centerX>-39</centerX>
        <centerY>49</centerY>
        <name>image2.png</name>
    </drawable>
    <drawable>
        <rotate>2</rotate>
        <mulrotate>80</mulrotate>
        <centerX>39</centerX>
        <centerY>49</centerY>
        <name>image3.png</name>
    </drawable>
    <drawable>
        <rotate>2</rotate>
        <mulrotate>80</mulrotate>
        <centerX>2</centerX>
        <centerY>2</centerY>
        <name>image4.png</name>
    </drawable>
    <drawable>
        <rotate>2</rotate>
        <mulrotate>80</mulrotate>
        <name>image5.png</name>
    </drawable>
    <drawable>
        <name>image6.png</name>
    </drawable>
    <drawable>
        <rotate>3</rotate>
        <direction>2</direction>
        <mulrotate>3</mulrotate>
        <centerX>31</centerX>
        <centerY>-71</centerY>
        <name>image7.png</name>
    </drawable>
    <drawable>
        <name>image8.png</name>
    </drawable>
    <drawable>
        <rotate>3</rotate>
        <mulrotate>3</mulrotate>
        <centerX>-76</centerX>
        <centerY>-80</centerY>
        <name>image9.png</name>
    </drawable>
    <drawable>
        <rotate>3</rotate>
        <direction>2</direction>
        <mulrotate>3</mulrotate>
        <centerX>68</centerX>
        <centerY>-45</centerY>
        <name>image10.png</name>
    </drawable>
    <drawable>
        <name>image11.png</name>
    </drawable>
    <drawable>
        <rotate>2</rotate>
        <mulrotate>20</mulrotate>
        <centerX>-13</centerX>
        <centerY>-65</centerY>
        <name>image12.png</name>
    </drawable>
    <drawable>
        <rotate>2</rotate>
        <mulrotate>20</mulrotate>
        <centerX>-16</centerX>
        <centerY>-68</centerY>
        <name>image13.png</name>
    </drawable>
    <drawable>
        <rotate>3</rotate>
        <mulrotate>3</mulrotate>
        <centerX>37</centerX>
        <centerY>-5</centerY>
        <name>image14.png</name>
    </drawable>
    <drawable>
        <rotate>3</rotate>
        <mulrotate>3</mulrotate>
        <movement>1</movement>
        <centerX>77</centerX>
        <centerY>-8</centerY>
        <name>image15.png</name>
    </drawable>
    <drawable>
        <rotate>3</rotate>
        <mulrotate>3</mulrotate>
        <centerX>-114</centerX>
        <centerY>-101</centerY>
        <name>image16.png</name>
    </drawable>
    <drawable>
        <name>image17.png</name>
    </drawable>
    <drawable>
        <rotate>6</rotate>
        <direction>2</direction>
        <mulrotate>-2</mulrotate>
        <centerX>-136</centerX>
        <centerY>-15</centerY>
        <name>image18.png</name>
    </drawable>
    <drawable>
        <name>image19.png</name>
    </drawable>
    <drawable>
        <rotate>3</rotate>
        <direction>2</direction>
        <mulrotate>3</mulrotate>
        <movement>1</movement>
        <centerX>113</centerX>
        <centerY>0</centerY>
        <name>image20.png</name>
    </drawable>
    <drawable>
        <name>image21.png</name>
    </drawable>
    <drawable>
        <rotate>2</rotate>
        <direction>2</direction>
        <mulrotate>80</mulrotate>
        <name>image22.png</name>
    </drawable>
    <drawable>
        <name>image23.png</name>
    </drawable>
    <drawable>
        <rotate>3</rotate>
        <mulrotate>3</mulrotate>
        <movement>1</movement>
        <centerX>35</centerX>
        <centerY>-7</centerY>
        <name>image24.png</name>
    </drawable>
    <drawable>
        <name>image25.png</name>
    </drawable>
    <drawable>
        <rotate>3</rotate>
        <mulrotate>1</mulrotate>
        <centerX>68</centerX>
        <centerY>81</centerY>
        <name>image26.png</name>
    </drawable>
    <drawable>
        <rotate>3</rotate>
        <mulrotate>1</mulrotate>
        <centerX>-67</centerX>
        <centerY>82</centerY>
        <name>image26.png</name>
    </drawable>
    <drawable>
        <name>image28.png</name>
    </drawable>
    <drawable>
        <rotate>3</rotate>
        <mulrotate>1</mulrotate>
        <centerX>68</centerX>
        <centerY>82</centerY>
        <name>image29.png</name>
    </drawable>
    <drawable>
        <rotate>3</rotate>
        <mulrotate>1</mulrotate>
        <centerX>-67</centerX>
        <centerY>82</centerY>
        <name>image29.png</name>
    </drawable>
    <drawable>
        <rotate>3</rotate>
        <mulrotate>200</mulrotate>
        <centerX>-67</centerX>
        <centerY>82</centerY>
        <name>image31.png</name>
    </drawable>
    <drawable>
        <rotate>3</rotate>
        <mulrotate>200</mulrotate>
        <centerX>68</centerX>
        <centerY>82</centerY>
        <name>image32.png</name>
    </drawable>
    <drawable>
        <name>image33.png</name>
    </drawable>
    <drawable>
        <rotate>3</rotate>
        <mulrotate>1</mulrotate>
        <centerX>70</centerX>
        <centerY>85</centerY>
        <name>image34.png</name>
    </drawable>
    <drawable>
        <name>image35.png</name>
    </drawable>
    <drawable>
        <rotate>3</rotate>
        <mulrotate>1</mulrotate>
        <centerX>67</centerX>
        <centerY>82</centerY>
        <name>image36.png</name>
    </drawable>
    <drawable>
        <rotate>3</rotate>
        <mulrotate>1</mulrotate>
        <centerX>-64</centerX>
        <centerY>85</centerY>
        <name>image34.png</name>
    </drawable>
    <drawable>
        <rotate>3</rotate>
        <mulrotate>1</mulrotate>
        <centerX>-67</centerX>
        <centerY>82</centerY>
        <name>image36.png</name>
    </drawable>
    <drawable>
        <name>image39.png</name>
    </drawable>
    <drawable>
        <rotate>1</rotate>
        <mulrotate>1</mulrotate>
        <centerX>4</centerX>
        <centerY>4</centerY>
        <name>image40.png</name>
    </drawable>
    <drawable>
        <rotate>2</rotate>
        <direction>2</direction>
        <mulrotate>1</mulrotate>
        <centerX>5</centerX>
        <centerY>5</centerY>
        <name>image41.png</name>
    </drawable>
    <drawable>
        <rotate>1</rotate>
        <mulrotate>1</mulrotate>
        <name>image42.png</name>
    </drawable>
    <drawable>
        <rotate>2</rotate>
        <mulrotate>1</mulrotate>
        <name>image43.png</name>
    </drawable>
    <drawable>
        <name>image44.png</name>
    </drawable>
</clockskin>
