<?xml version="1.0" encoding="utf-8"?>
<clockskin>
	<drawable>
		<name>clock400.png</name>
	</drawable>
	<drawable>
		<name>sec.png</name>
		<rotate>3</rotate>
	</drawable>
	<drawable>
		<name>clock400-2.png</name>
	</drawable>
	<drawable>
		<name>hour.xml</name>
		<arraytype>7</arraytype>
		<centerX>-8</centerX>
		<centerY>-82</centerY>
	</drawable>
	<drawable>
		<name>minute.xml</name>
		<arraytype>8</arraytype>
		<centerX>-8</centerX>
		<centerY>72</centerY>
	</drawable>
	<drawable>
		<name>bat.xml</name>
		<arraytype>14</arraytype>
		<centerX>1</centerX>
		<centerY>163</centerY>
	</drawable>
	<drawable>
		<name>weather_array.xml</name>
		<arraytype>10</arraytype>
		<centerX>145</centerX>
		<centerY>-1</centerY>
	</drawable>
	<drawable>
		<name>DAY.xml</name>
		<arraytype>4</arraytype>
		<centerX>-151</centerX>
		<centerY>-8</centerY>
	</drawable>
	<drawable>
		<name>MES.xml</name>
		<arraytype>3</arraytype>
		<centerX>-151</centerX>
		<centerY>18</centerY>
	</drawable>
	<drawable>
		<name>week.xml</name>
		<arraytype>5</arraytype>
		<centerX>-151</centerX>
		<centerY>-33</centerY>
	</drawable>
<!--COMMENTED BY ClockSkinMaker
<metadata gui='rra' version='1.4.0.0'/>
-->
</clockskin>