<?xml version="1.0" encoding="utf-8"?>
<drawables>
	<image>MES_jan.png</image>
	<image>MES_feb.png</image>
	<image>MES_mar.png</image>
	<image>MES_apr.png</image>
	<image>MES_may.png</image>
	<image>MES_jun.png</image>
	<image>MES_jul.png</image>
	<image>MES_aug.png</image>
	<image>MES_sep.png</image>
	<image>MES_oct.png</image>
	<image>MES_nov.png</image>
	<image>MES_dec.png</image>
<!--COMMENTED BY ClockSkinMaker
<metadata gui='rra' version='1.4.0.0' type='array_month' forecolor='8000FF' autoscale='1' font='ColorTube' fontstyle='Regular' fontsize='7,292618'>
<content>JAN</content>
<content>FEB</content>
<content>MAR</content>
<content>APR</content>
<content>MAY</content>
<content>JUN</content>
<content>JUL</content>
<content>AUG</content>
<content>SEP</content>
<content>OCT</content>
<content>NOV</content>
<content>DEC</content>
</metadata>
-->
</drawables>