<?xml version="1.0" encoding="utf-8"?>
<drawables>
	<image>week_sun.png</image>
	<image>week_mon.png</image>
	<image>week_tue.png</image>
	<image>week_wed.png</image>
	<image>week_thu.png</image>
	<image>week_fri.png</image>
	<image>week_sat.png</image>
<!--COMMENTED BY ClockSkinMaker
<metadata gui='rra' version='1.4.0.0' type='array_weekday' forecolor='00FF00' autoscale='1' font='ColorTube' fontstyle='Regular' fontsize='7,421151'>
<content>SUN</content>
<content>MON</content>
<content>TUE</content>
<content>WED</content>
<content>THU</content>
<content>FRI</content>
<content>SAT</content>
</metadata>
-->
</drawables>