<?xml version="1.0" encoding="utf-8"?>
<clockskin>
	<drawable>
		<name>second ambient pos 1 or.png</name>
	</drawable>
	<drawable>
		<name>second green pos 2.png</name>
		<rotate>3</rotate>
	</drawable>
	<drawable>
		<name>second half circle pos 3 or.png</name>
		<rotate>3</rotate>
		<mulrotate>-2</mulrotate>
	</drawable>
	<drawable>
		<name>second mask green pos 4.png</name>
		<rotate>3</rotate>
		<centerX>-105</centerX>
		<centerY>-2</centerY>
		<angle>-2</angle>
		<mulrotate>-2</mulrotate>
	</drawable>
	<drawable>
		<name>Base_2.png</name>
	</drawable>
	<drawable>
		<name>Hatch_3.png</name>
	</drawable>
	<drawable>
		<name>Curcles.png</name>
	</drawable>
	<drawable>
		<name>WD SEC BATT DAY FRAMES_clear.png</name>
	</drawable>
	<drawable>
		<name>BATT ARROW_RED.png</name>
		<rotate>6</rotate>
		<centerX>83</centerX>
		<centerY>-48</centerY>
	</drawable>
	<drawable>
		<name>SH_RED.png</name>
		<rotate>3</rotate>
		<centerY>95</centerY>
	</drawable>
	<drawable>
		<name>WD ARROW_RED.png</name>
		<rotate>5</rotate>
		<centerX>-83</centerX>
		<centerY>-47</centerY>
	</drawable>
	<drawable>
		<name>DAY BASE.png</name>
	</drawable>
	<drawable>
		<name>Day.xml</name>
		<arraytype>4</arraytype>
		<centerX>83</centerX>
		<centerY>-4</centerY>
	</drawable>
	<drawable>
		<name>HH.png</name>
		<rotate>1</rotate>
	</drawable>
	<drawable>
		<name>MH.png</name>
		<rotate>2</rotate>
	</drawable>
	<drawable>
		<arraytype>99</arraytype>
		<centerX>-28</centerX>
		<centerY>132</centerY>
	</drawable>
<!--COMMENTED BY ClockSkinMaker
<metadata gui='rra' version='2.0.0.2'/>
-->
</clockskin>