<?xml version="1.0" encoding="utf-8"?>
<clockskin>
	<drawable>
		<name>24.png</name>
		<rotate>7</rotate>
		<centerX>1</centerX>
		<centerY>-40</centerY>
		<angle>170</angle>
	</drawable>
	<drawable>
		<name>moon_phase.xml</name>
		<arraytype>19</arraytype>
		<centerY>-37</centerY>
	</drawable>
	<drawable>
		<name>Base.png</name>
	</drawable>
	<drawable>
		<name>Day.xml</name>
		<arraytype>4</arraytype>
		<centerX>1</centerX>
		<centerY>139</centerY>
	</drawable>
	<drawable>
		<name>WD MONTH AND BATT HATCH.png</name>
	</drawable>
	<drawable>
		<name>WD AND MONTH RINGS.png</name>
	</drawable>
	<drawable>
		<name>MONTH ROTATE.png</name>
		<rotate>4</rotate>
		<centerX>102</centerX>
		<centerY>-1</centerY>
	</drawable>
	<drawable>
		<name>BATT LEVEL TEXT_2.png</name>
		<centerY>2</centerY>
	</drawable>
	<drawable>
		<name>WD ROTATE.png</name>
		<rotate>5</rotate>
		<centerX>-102</centerX>
	</drawable>
	<drawable>
		<name>BATT ROTATE.png</name>
		<rotate>6</rotate>
		<centerY>99</centerY>
	</drawable>
	<drawable>
		<name>Ticks_green.png</name>
	</drawable>
	<drawable>
		<name>FRAMES.png</name>
	</drawable>
	<drawable>
		<name>Ticks_WHITE.png</name>
	</drawable>
	<drawable>
		<name>WD MONTH BATT TEXT.png</name>
	</drawable>
	<drawable>
		<name>HH_4.png</name>
		<rotate>1</rotate>
	</drawable>
	<drawable>
		<name>MH_4.png</name>
		<rotate>2</rotate>
	</drawable>
	<drawable>
		<name>SH_3.png</name>
		<rotate>3</rotate>
	</drawable>
	<drawable>
		<name>Figures green.png</name>
	</drawable>
<!--COMMENTED BY ClockSkinMaker
<metadata gui='rra' version='2.0.0.2'/>
-->
</clockskin>