<?xml version="1.0" encoding="utf-8"?>
<clockskin>
	<drawable>
		<name>clock400.png</name>
	</drawable>
	<drawable>
		<name>marc.png</name>
	</drawable>
	<drawable>
		<name>faixa 1.png</name>
		<rotate>3</rotate>
		<direction>1</direction>
		<mulrotate>6</mulrotate>
	</drawable>
	<drawable>
		<name>faixa 2.png</name>
		<rotate>3</rotate>
		<direction>2</direction>
		<mulrotate>5</mulrotate>
	</drawable>
	<drawable>
		<name>hand.png</name>
		<rotate>1</rotate>
	</drawable>
	<drawable>
		<name>min.png</name>
		<rotate>2</rotate>
	</drawable>
	<drawable>
		<name>sec.png</name>
		<rotate>3</rotate>
		<direction>2</direction>
	</drawable>
	<drawable>
		<name>hm.xml</name>
		<arraytype>6</arraytype>
		<centerY>78</centerY>
	</drawable>
	<drawable>
		<name>nbat.xml</name>
		<arraytype>14</arraytype>
		<centerX>-3</centerX>
		<centerY>108</centerY>
	</drawable>
<!--COMMENTED BY ClockSkinMaker
<metadata gui='rra' version='1.4.0.0'/>
-->
</clockskin>