<?xml version="1.0" encoding="utf-8"?>
<clockskin>
	<drawable>
		<name>0 100 batt level back.png</name>
	</drawable>
	<drawable>
		<name>0 100 batt level.png</name>
		<rotate>6</rotate>
		<centerX>92</centerX>
		<centerY>-26</centerY>
		<direction>1</direction>
	</drawable>
	<drawable>
		<name>Base_3.png</name>
	</drawable>
	<drawable>
		<name>Image seconds_3.png</name>
	</drawable>
	<drawable>
		<name>3 rings.png</name>
	</drawable>
	<drawable>
		<name>Figures.png</name>
	</drawable>
	<drawable>
		<name>Sec WD Batt level figures_2.png</name>
	</drawable>
	<drawable>
		<name>SH.png</name>
		<rotate>3</rotate>
		<centerY>95</centerY>
	</drawable>
	<drawable>
		<name>WD arrow.png</name>
		<rotate>5</rotate>
		<centerX>-92</centerX>
		<centerY>-24</centerY>
	</drawable>
	<drawable>
		<name>Batt arrow.png</name>
		<rotate>6</rotate>
		<centerX>93</centerX>
		<centerY>-24</centerY>
		<direction>2</direction>
		<mulrotate>2</mulrotate>
	</drawable>
	<drawable>
		<name>Day.xml</name>
		<arraytype>4</arraytype>
		<centerY>-96</centerY>
	</drawable>
	<drawable>
		<name>HH_2.png</name>
		<rotate>1</rotate>
	</drawable>
	<drawable>
		<name>MH_2.png</name>
		<rotate>2</rotate>
	</drawable>
<!--COMMENTED BY ClockSkinMaker
<metadata gui='rra' version='2.0.0.2'/>
-->
</clockskin>