<clockskin>
    <drawable>
        <name>image1.png</name>
    </drawable>
    <drawable>
        <name>digital1.xml</name>
        <arraytype>14</arraytype>
        <centerX>-60</centerX>
        <centerY>133</centerY>
    </drawable>
    <drawable>
        <name>digital2.xml</name>
        <arraytype>14</arraytype>
        <centerX>340</centerX>
        <centerY>133</centerY>
    </drawable>
    <drawable>
        <name>digital3.xml</name>
        <arraytype>14</arraytype>
        <centerX>740</centerX>
        <centerY>133</centerY>
    </drawable>
    <drawable>
        <name>digital4.xml</name>
        <arraytype>9</arraytype>
        <centerX>-143</centerX>
        <centerY>133</centerY>
    </drawable>
    <drawable>
        <name>digital5.xml</name>
        <arraytype>9</arraytype>
        <centerX>257</centerX>
        <centerY>133</centerY>
    </drawable>
    <drawable>
        <name>digital6.xml</name>
        <arraytype>12</arraytype>
        <centerX>-801</centerX>
        <centerY>-119</centerY>
    </drawable>
    <drawable>
        <name>digital7.xml</name>
        <arraytype>12</arraytype>
        <centerX>-401</centerX>
        <centerY>-119</centerY>
    </drawable>
    <drawable>
        <name>digital8.xml</name>
        <arraytype>6</arraytype>
        <centerX>-67</centerX>
        <centerY>0</centerY>
    </drawable>
    <drawable>
        <name>digital9.xml</name>
        <arraytype>9</arraytype>
        <centerX>88</centerX>
        <centerY>4</centerY>
    </drawable>
    <drawable>
        <name>digital10.xml</name>
        <arraytype>12</arraytype>
        <centerX>-3</centerX>
        <centerY>-131</centerY>
    </drawable>
    <drawable>
        <name>digital11.xml</name>
        <arraytype>5</arraytype>
        <centerX>-23</centerX>
        <centerY>56</centerY>
    </drawable>
    <drawable>
        <name>digital12.xml</name>
        <arraytype>60</arraytype>
        <centerX>89</centerX>
        <centerY>56</centerY>
    </drawable>
    <drawable>
        <name>digital13.xml</name>
        <arraytype>51</arraytype>
        <centerX>159</centerX>
        <centerY>19</centerY>
    </drawable>
    <drawable>
        <name>digital14.xml</name>
        <arraytype>4</arraytype>
        <centerX>-79</centerX>
        <centerY>56</centerY>
    </drawable>
    <drawable>
        <name>digital15.xml</name>
        <arraytype>3</arraytype>
        <centerX>-136</centerX>
        <centerY>56</centerY>
    </drawable>
    <drawable>
        <name>digital16.xml</name>
        <arraytype>14</arraytype>
        <centerX>-79</centerX>
        <centerY>121</centerY>
    </drawable>
    <drawable>
        <name>digital17.xml</name>
        <arraytype>13</arraytype>
        <centerX>85</centerX>
        <centerY>122</centerY>
    </drawable>
    <drawable>
        <arraytype>100</arraytype>
        <centerX>112</centerX>
        <centerY>-78</centerY>
        <range>30</range>
        <cls>com.android.watchweather.WeatherActivity</cls>
        <pkg>com.android.watchweather</pkg>
    </drawable>
    <drawable>
        <arraytype>100</arraytype>
        <centerX>-122</centerX>
        <centerY>-78</centerY>
        <range>30</range>
        <cls>com.android.music.MusicBrowserActivity</cls>
        <pkg>com.android.music</pkg>
    </drawable>
    <drawable>
        <arraytype>100</arraytype>
        <centerX>-98</centerX>
        <centerY>-141</centerY>
        <range>26</range>
        <cls>com.android.camera.CameraLauncher</cls>
        <pkg>com.mediatek.camera</pkg>
    </drawable>
    <drawable>
        <arraytype>100</arraytype>
        <centerX>95</centerX>
        <centerY>-142</centerY>
        <range>26</range>
        <cls>com.android.settings.Settings</cls>
        <pkg>com.android.settings</pkg>
    </drawable>
    <drawable>
        <arraytype>100</arraytype>
        <centerX>159</centerX>
        <centerY>-6</centerY>
        <range>30</range>
        <cls>com.android.mms.ui.BootActivity</cls>
        <pkg>com.android.mms</pkg>
    </drawable>
</clockskin>
<!-- Created on WatchFace Designer 0.14.2 beta -->
<!-- Exported for Android 7.1+ Stock ClockSkin Engine -->
