<?xml version="1.0" encoding="utf-8"?>
<clockskin>
	<drawable>
		<name>Back.png</name>
	</drawable>
	<drawable>
		<name>Hatch.png</name>
	</drawable>
	<drawable>
		<name>Base_light.png</name>
	</drawable>
	<drawable>
		<name>WD Batt Mohtn Day bases_light.png</name>
	</drawable>
	<drawable>
		<name>WD MONTH TEXT.png</name>
	</drawable>
	<drawable>
		<name>BATT ROTATE.png</name>
		<rotate>6</rotate>
		<centerX>-1</centerX>
		<centerY>87</centerY>
	</drawable>
	<drawable>
		<name>MONTH ROTATE.png</name>
		<rotate>4</rotate>
		<centerX>75</centerX>
		<centerY>-43</centerY>
	</drawable>
	<drawable>
		<name>WD ROTATE.png</name>
		<rotate>5</rotate>
		<centerX>-77</centerX>
		<centerY>-43</centerY>
	</drawable>
	<drawable>
		<name>day.xml</name>
		<arraytype>4</arraytype>
		<centerY>122</centerY>
	</drawable>
	<drawable>
		<name>Ticks.png</name>
	</drawable>
	<drawable>
		<name>HH.png</name>
		<rotate>1</rotate>
	</drawable>
	<drawable>
		<name>MH.png</name>
		<rotate>2</rotate>
	</drawable>
	<drawable>
		<name>SH.png</name>
		<rotate>3</rotate>
	</drawable>
<!--COMMENTED BY ClockSkinMaker
<metadata gui='rra' version='2.0.0.2'/>
-->
</clockskin>