<?xml version="1.0" encoding="utf-8"?>
<clockskin>
	<drawable>
		<name>second ambient pos 1 or.png</name>
	</drawable>
	<drawable>
		<name>second green pos 2.png</name>
		<rotate>3</rotate>
	</drawable>
	<drawable>
		<name>second half circle pos 3 or.png</name>
		<rotate>3</rotate>
		<mulrotate>-2</mulrotate>
	</drawable>
	<drawable>
		<name>second mask green pos 4.png</name>
		<rotate>3</rotate>
		<centerX>-105</centerX>
		<centerY>-1</centerY>
		<angle>-2</angle>
		<mulrotate>-2</mulrotate>
	</drawable>
	<drawable>
		<name>Hatch_2.png</name>
	</drawable>
	<drawable>
		<name>Blue-Green_2 hatch.png</name>
	</drawable>
	<drawable>
		<name>Base.png</name>
	</drawable>
	<drawable>
		<name>Batt Arrow.png</name>
		<rotate>6</rotate>
		<centerX>82</centerX>
		<centerY>-49</centerY>
	</drawable>
	<drawable>
		<name>Second figures.png</name>
	</drawable>
	<drawable>
		<name>SH.png</name>
		<rotate>3</rotate>
		<centerY>95</centerY>
	</drawable>
	<drawable>
		<name>WD Arrow.png</name>
		<rotate>5</rotate>
		<centerX>-82</centerX>
		<centerY>-49</centerY>
	</drawable>
	<drawable>
		<name>Day base.png</name>
	</drawable>
	<drawable>
		<name>Day.xml</name>
		<arraytype>4</arraytype>
		<centerX>83</centerX>
	</drawable>
	<drawable>
		<name>HH_2.png</name>
		<rotate>1</rotate>
	</drawable>
	<drawable>
		<name>MH_2.png</name>
		<rotate>2</rotate>
	</drawable>
	<drawable>
		<arraytype>99</arraytype>
		<centerX>90</centerX>
		<centerY>47</centerY>
	</drawable>
<!--COMMENTED BY ClockSkinMaker
<metadata gui='rra' version='2.0.0.2'/>
-->
</clockskin>