<clockskin>
    <drawable>
        <name>image1.png</name>
    </drawable>
    <drawable>
        <name>digital1.xml</name>
        <arraytype>4</arraytype>
        <centerX>0</centerX>
        <centerY>136</centerY>
    </drawable>
    <drawable>
        <rotate>3</rotate>
        <mulrotate>1</mulrotate>
        <movement>1</movement>
        <centerX>2</centerX>
        <centerY>91</centerY>
        <name>image2.png</name>
    </drawable>
    <drawable>
        <rotate>3</rotate>
        <mulrotate>1</mulrotate>
        <movement>1</movement>
        <centerX>0</centerX>
        <centerY>89</centerY>
        <name>image3.png</name>
    </drawable>
    <drawable>
        <name>image4.png</name>
    </drawable>
    <drawable>
        <rotate>6</rotate>
        <mulrotate>2</mulrotate>
        <centerX>91</centerX>
        <centerY>-18</centerY>
        <name>image5.png</name>
    </drawable>
    <drawable>
        <rotate>6</rotate>
        <mulrotate>2</mulrotate>
        <centerX>87</centerX>
        <centerY>-22</centerY>
        <name>image6.png</name>
    </drawable>
    <drawable>
        <rotate>2</rotate>
        <mulrotate>2</mulrotate>
        <centerX>-79</centerX>
        <centerY>-20</centerY>
        <name>image7.png</name>
    </drawable>
    <drawable>
        <rotate>2</rotate>
        <mulrotate>2</mulrotate>
        <centerX>-83</centerX>
        <centerY>-24</centerY>
        <name>image8.png</name>
    </drawable>
    <drawable>
        <rotate>1</rotate>
        <mulrotate>1</mulrotate>
        <centerX>5</centerX>
        <centerY>5</centerY>
        <name>image9.png</name>
    </drawable>
    <drawable>
        <rotate>1</rotate>
        <mulrotate>1</mulrotate>
        <centerX>3</centerX>
        <centerY>3</centerY>
        <name>image10.png</name>
    </drawable>
    <drawable>
        <rotate>2</rotate>
        <mulrotate>1</mulrotate>
        <centerX>6</centerX>
        <centerY>6</centerY>
        <name>image11.png</name>
    </drawable>
    <drawable>
        <rotate>2</rotate>
        <mulrotate>1</mulrotate>
        <centerX>4</centerX>
        <centerY>4</centerY>
        <name>image12.png</name>
    </drawable>
    <drawable>
        <rotate>3</rotate>
        <mulrotate>1</mulrotate>
        <centerX>7</centerX>
        <centerY>7</centerY>
        <name>image13.png</name>
    </drawable>
    <drawable>
        <rotate>3</rotate>
        <mulrotate>1</mulrotate>
        <centerX>5</centerX>
        <centerY>5</centerY>
        <name>image14.png</name>
    </drawable>
    <drawable>
        <name>image15.png</name>
    </drawable>
    <drawable>
        <name>digital2.xml</name>
        <arraytype>5</arraytype>
        <centerX>2</centerX>
        <centerY>-45</centerY>
    </drawable>
    <drawable>
        <name>digital3.xml</name>
        <arraytype>5</arraytype>
        <centerX>0</centerX>
        <centerY>-47</centerY>
    </drawable>
    <drawable>
        <name>image16.png</name>
    </drawable>
    <drawable>
        <rotate>1</rotate>
        <mulrotate>1</mulrotate>
        <centerX>3</centerX>
        <centerY>3</centerY>
        <name>image9.png</name>
    </drawable>
    <drawable>
        <rotate>1</rotate>
        <mulrotate>1</mulrotate>
        <name>image18.png</name>
    </drawable>
    <drawable>
        <rotate>2</rotate>
        <mulrotate>1</mulrotate>
        <centerX>4</centerX>
        <centerY>4</centerY>
        <name>image19.png</name>
    </drawable>
    <drawable>
        <rotate>3</rotate>
        <mulrotate>1</mulrotate>
        <centerX>5</centerX>
        <centerY>5</centerY>
        <name>image20.png</name>
    </drawable>
    <drawable>
        <rotate>2</rotate>
        <mulrotate>1</mulrotate>
        <name>image21.png</name>
    </drawable>
    <drawable>
        <rotate>3</rotate>
        <mulrotate>1</mulrotate>
        <name>image22.png</name>
    </drawable>
</clockskin>
