<?xml version="1.0" encoding="utf-8"?>
<clockskin>
	<drawable>
		<name>BASE.png</name>
	</drawable>
	<drawable>
		<name>BATT ARROW.png</name>
		<rotate>6</rotate>
		<centerX>-55</centerX>
		<centerY>-56</centerY>
		<mulrotate>-2</mulrotate>
	</drawable>
	<drawable>
		<name>WD ARRAY.xml</name>
		<arraytype>5</arraytype>
	</drawable>
	<drawable>
		<name>MONTH ARRAY.xml</name>
		<arraytype>3</arraytype>
	</drawable>
	<drawable>
		<name>Day.xml</name>
		<arraytype>4</arraytype>
		<centerX>1</centerX>
		<centerY>-99</centerY>
	</drawable>
	<drawable>
		<name>FIGURES.png</name>
	</drawable>
	<drawable>
		<name>HH_2.png</name>
		<rotate>1</rotate>
	</drawable>
	<drawable>
		<name>MH_2.png</name>
		<rotate>2</rotate>
	</drawable>
	<drawable>
		<name>SH.png</name>
		<rotate>3</rotate>
	</drawable>
	<drawable>
		<arraytype>99</arraytype>
		<centerX>48</centerX>
		<centerY>-22</centerY>
	</drawable>
<!--COMMENTED BY ClockSkinMaker
<metadata gui='rra' version='2.0.0.2'/>
-->
</clockskin>