<?xml version="1.0" encoding="utf-8"?>
<drawables>
	<image>MONTH ARRAY_jan.png</image>
	<image>MONTH ARRAY_feb.png</image>
	<image>MONTH ARRAY_mar.png</image>
	<image>MONTH ARRAY_apr.png</image>
	<image>MONTH ARRAY_may.png</image>
	<image>MONTH ARRAY_jun.png</image>
	<image>MONTH ARRAY_jul.png</image>
	<image>MONTH ARRAY_aug.png</image>
	<image>MONTH ARRAY_sep.png</image>
	<image>MONTH ARRAY_oct.png</image>
	<image>MONTH ARRAY_nov.png</image>
	<image>MONTH ARRAY_dec.png</image>
<!--COMMENTED BY ClockSkinMaker
<metadata gui='rra' version='2.0.0.2' type='array_month' forecolor='FFFFFF' autoscale='1' font='Times New Roman' fontstyle='Regular' fontsize='13,34746'>
<content>янв</content>
<content>фев</content>
<content>мар</content>
<content>апр</content>
<content>май</content>
<content>июн</content>
<content>июл</content>
<content>авг</content>
<content>сен</content>
<content>окт</content>
<content>ноя</content>
<content>дек</content>
</metadata>
-->
</drawables>