<?xml version="1.0" encoding="utf-8"?>
<clockskin>
	<drawable>
		<name>Hatch_4.png</name>
	</drawable>
	<drawable>
		<name>Base_4.png</name>
	</drawable>
	<drawable>
		<name>Batt marks rotate.png</name>
		<rotate>6</rotate>
		<centerX>94</centerX>
	</drawable>
	<drawable>
		<name>Figures_3.png</name>
	</drawable>
	<drawable>
		<name>WD and Batt Bases.png</name>
	</drawable>
	<drawable>
		<name>Batt arrow.png</name>
		<rotate>6</rotate>
		<centerX>94</centerX>
		<direction>2</direction>
		<mulrotate>2</mulrotate>
	</drawable>
	<drawable>
		<name>WD Arrow.png</name>
		<rotate>5</rotate>
		<centerX>-95</centerX>
	</drawable>
	<drawable>
		<name>Month and day bases.png</name>
	</drawable>
	<drawable>
		<name>Month and Day frames.png</name>
	</drawable>
	<drawable>
		<name>M.xml</name>
		<arraytype>3</arraytype>
	</drawable>
	<drawable>
		<name>Day.xml</name>
		<arraytype>4</arraytype>
		<centerY>92</centerY>
	</drawable>
	<drawable>
		<name>HH_2.png</name>
		<rotate>1</rotate>
	</drawable>
	<drawable>
		<name>MH_2.png</name>
		<rotate>2</rotate>
	</drawable>
	<drawable>
		<name>SH_2.png</name>
		<rotate>3</rotate>
	</drawable>
<!--COMMENTED BY ClockSkinMaker
<metadata gui='rra' version='2.0.0.2'/>
-->
</clockskin>