<clockskin>
    <drawable>
        <name>image1.png</name>
    </drawable>
    <drawable>
        <name>digital1.xml</name>
        <arraytype>7</arraytype>
        <centerX>-6</centerX>
        <centerY>-109</centerY>
    </drawable>
    <drawable>
        <name>digital2.xml</name>
        <arraytype>8</arraytype>
        <centerX>-168</centerX>
        <centerY>-22</centerY>
    </drawable>
    <drawable>
        <name>digital3.xml</name>
        <arraytype>8</arraytype>
        <centerX>203</centerX>
        <centerY>-30</centerY>
    </drawable>
    <drawable>
        <name>digital4.xml</name>
        <arraytype>54</arraytype>
        <centerX>147</centerX>
        <centerY>-19</centerY>
    </drawable>
    <drawable>
        <name>digital5.xml</name>
        <arraytype>9</arraytype>
        <centerX>129</centerX>
        <centerY>41</centerY>
    </drawable>
    <drawable>
        <name>digital6.xml</name>
        <arraytype>13</arraytype>
        <centerX>-113</centerX>
        <centerY>83</centerY>
    </drawable>
    <drawable>
        <name>digital7.xml</name>
        <arraytype>12</arraytype>
        <centerX>-127</centerX>
        <centerY>-50</centerY>
    </drawable>
    <drawable>
        <name>digital8.xml</name>
        <arraytype>14</arraytype>
        <centerX>131</centerX>
        <centerY>-122</centerY>
    </drawable>
    <drawable>
        <name>digital9.xml</name>
        <arraytype>4</arraytype>
        <centerX>-55</centerX>
        <centerY>141</centerY>
    </drawable>
    <drawable>
        <name>digital10.xml</name>
        <arraytype>3</arraytype>
        <centerX>8</centerX>
        <centerY>149</centerY>
    </drawable>
    <drawable>
        <name>digital11.xml</name>
        <arraytype>5</arraytype>
        <centerX>-63</centerX>
        <centerY>52</centerY>
    </drawable>
    <drawable>
        <name>digital12.xml</name>
        <arraytype>10</arraytype>
        <centerX>122</centerX>
        <centerY>125</centerY>
    </drawable>
    <drawable>
        <name>digital13.xml</name>
        <arraytype>11</arraytype>
        <centerX>-136</centerX>
        <centerY>22</centerY>
    </drawable>
</clockskin>
<!-- Created on WatchFace Designer 0.14.2 beta -->
<!-- Exported for Android 7.1+ Stock ClockSkin Engine -->
