<?xml version="1.0" encoding="utf-8"?>
<clockskin>
	<drawable>
		<name>Base.png</name>
	</drawable>
	<drawable>
		<name>wd month batt bases.png</name>
	</drawable>
	<drawable>
		<name>month rotate.png</name>
		<rotate>4</rotate>
		<centerX>89</centerX>
		<centerY>-53</centerY>
	</drawable>
	<drawable>
		<name>wd rotate.png</name>
		<rotate>5</rotate>
		<centerX>-91</centerX>
		<centerY>-53</centerY>
	</drawable>
	<drawable>
		<name>Batt rotate.png</name>
		<rotate>6</rotate>
		<centerX>-1</centerX>
		<centerY>103</centerY>
	</drawable>
	<drawable>
		<name>Day.xml</name>
		<arraytype>4</arraytype>
		<centerY>154</centerY>
	</drawable>
	<drawable>
		<name>HH_4.png</name>
		<rotate>1</rotate>
	</drawable>
	<drawable>
		<name>MH_4.png</name>
		<rotate>2</rotate>
	</drawable>
	<drawable>
		<name>SH.png</name>
		<rotate>3</rotate>
	</drawable>
<!--COMMENTED BY ClockSkinMaker
<metadata gui='rra' version='2.0.0.2'/>
-->
</clockskin>